ID,availableBikeStands,target,day_x,datetime,number,temp,rain,morning,afternoon,evening,night,tod
116,29,1,5,2020-02-29 00:04:26,rainfall,10.0,0.51,0,0,0,0,0
116,29,1,5,2020-02-29 00:14:36,rainfall,10.0,0.51,0,0,0,0,0
116,29,1,5,2020-02-29 00:24:45,drizzle,7.0,0.51,0,0,0,0,0
116,29,1,5,2020-02-29 00:33:20,drizzle,7.0,0.51,0,0,0,0,0
116,29,1,5,2020-02-29 00:43:29,drizzle,7.0,0.51,0,0,0,0,0
116,29,1,5,2020-02-29 00:53:38,drizzle,6.0,0.89,0,0,0,0,0
116,29,1,5,2020-02-29 05:00:43,clouds,3.0,0.0,1,0,0,0,5
116,29,1,5,2020-02-29 05:10:52,clouds,3.0,0.0,1,0,0,0,5
116,29,1,5,2020-02-29 05:21:01,clouds,3.0,0.0,1,0,0,0,5
116,29,1,5,2020-02-29 05:31:10,clouds,3.0,0.0,1,0,0,0,5
116,29,1,5,2020-02-29 05:41:20,clouds,3.0,0.0,1,0,0,0,5
116,29,1,5,2020-02-29 05:51:29,clouds,2.0,0.0,1,0,0,0,5
116,29,1,5,2020-02-29 06:01:38,clouds,2.0,0.0,1,0,0,0,6
116,29,1,5,2020-02-29 06:11:47,clouds,2.0,0.0,1,0,0,0,6
116,29,1,5,2020-02-29 06:21:56,clouds,2.0,0.0,1,0,0,0,6
116,29,1,5,2020-02-29 06:32:05,clouds,2.0,0.0,1,0,0,0,6
116,29,1,5,2020-02-29 06:42:14,clouds,2.0,0.0,1,0,0,0,6
116,29,1,5,2020-02-29 06:52:24,clouds,2.0,0.0,1,0,0,0,6
116,29,1,5,2020-02-29 07:02:33,clouds,2.0,0.0,1,0,0,0,7
116,29,1,5,2020-02-29 07:12:42,clouds,2.0,0.0,1,0,0,0,7
116,29,1,5,2020-02-29 07:22:51,clouds,1.0,0.0,1,0,0,0,7
116,29,1,5,2020-02-29 07:33:01,clouds,1.0,0.0,1,0,0,0,7
116,29,1,5,2020-02-29 07:43:10,clouds,1.0,0.0,1,0,0,0,7
116,29,1,5,2020-02-29 07:53:19,clouds,1.0,0.0,1,0,0,0,7
116,29,1,5,2020-02-29 08:03:28,clouds,1.0,0.0,1,0,0,0,8
116,29,1,5,2020-02-29 08:13:36,clouds,1.0,0.0,1,0,0,0,8
116,29,1,5,2020-02-29 08:23:46,clouds,2.0,0.0,1,0,0,0,8
116,29,1,5,2020-02-29 08:33:55,clouds,2.0,0.0,1,0,0,0,8
116,29,1,5,2020-02-29 08:44:04,clouds,2.0,0.0,1,0,0,0,8
116,29,1,5,2020-02-29 08:54:13,clouds,2.0,0.0,1,0,0,0,8
116,29,1,5,2020-02-29 09:04:22,clouds,2.0,0.0,1,0,0,0,9
116,29,1,5,2020-02-29 09:14:31,clouds,2.0,0.0,1,0,0,0,9
116,29,1,5,2020-02-29 09:24:40,clouds,2.0,0.0,1,0,0,0,9
116,29,1,5,2020-02-29 09:34:49,clouds,2.0,0.0,1,0,0,0,9
116,29,1,5,2020-02-29 09:44:58,clouds,2.0,0.0,1,0,0,0,9
116,29,1,5,2020-02-29 09:55:07,clouds,2.0,0.0,1,0,0,0,9
116,29,1,5,2020-02-29 10:05:16,clouds,2.0,0.0,1,0,0,0,10
116,29,1,5,2020-02-29 10:15:26,clouds,3.0,0.0,1,0,0,0,10
116,29,1,5,2020-02-29 10:25:35,clouds,3.0,0.0,1,0,0,0,10
116,29,1,5,2020-02-29 10:35:44,clouds,3.0,0.0,1,0,0,0,10
116,29,1,5,2020-02-29 10:45:53,clouds,4.0,0.0,1,0,0,0,10
116,29,1,5,2020-02-29 10:56:02,clouds,4.0,0.0,1,0,0,0,10
116,29,1,5,2020-02-29 11:06:11,clouds,4.0,0.0,1,0,0,0,11
116,29,1,5,2020-02-29 11:16:20,clouds,4.0,0.0,1,0,0,0,11
116,29,1,5,2020-02-29 11:26:30,clouds,4.0,0.0,1,0,0,0,11
116,29,1,5,2020-02-29 11:36:39,clouds,4.0,0.0,1,0,0,0,11
116,29,1,5,2020-02-29 11:46:48,clouds,4.0,0.0,1,0,0,0,11
116,29,1,5,2020-02-29 11:56:57,clouds,4.0,0.0,1,0,0,0,11
116,29,1,5,2020-02-29 12:07:05,clouds,4.0,0.0,0,1,0,0,12
116,29,1,5,2020-02-29 12:17:15,clouds,5.0,0.0,0,1,0,0,12
116,29,1,5,2020-02-29 12:27:24,clouds,5.0,0.0,0,1,0,0,12
116,30,0,5,2020-02-29 12:31:48,clouds,5.0,0.0,0,1,0,0,12
116,30,0,5,2020-02-29 12:41:57,clouds,5.0,0.0,0,1,0,0,12
116,30,0,5,2020-02-29 12:52:07,clouds,5.0,0.0,0,1,0,0,12
116,30,0,5,2020-02-29 13:02:16,clouds,5.0,0.0,0,1,0,0,13
116,29,1,5,2020-02-29 13:07:10,clouds,5.0,0.0,0,1,0,0,13
116,29,1,5,2020-02-29 13:17:19,rainfall,5.0,0.0,0,1,0,0,13
116,29,1,5,2020-02-29 13:27:28,rainfall,5.0,0.0,0,1,0,0,13
116,29,1,5,2020-02-29 13:37:37,rainfall,5.0,0.0,0,1,0,0,13
116,29,1,5,2020-02-29 13:47:46,rainfall,5.0,0.0,0,1,0,0,13
116,29,1,5,2020-02-29 13:57:55,rainfall,5.0,0.0,0,1,0,0,13
116,29,1,5,2020-02-29 14:08:05,rainfall,5.0,0.0,0,1,0,0,14
116,29,1,5,2020-02-29 14:18:14,rainfall,4.0,0.0,0,1,0,0,14
116,29,1,5,2020-02-29 14:28:23,rainfall,4.0,0.0,0,1,0,0,14
116,29,1,5,2020-02-29 14:38:32,rainfall,4.0,0.0,0,1,0,0,14
116,29,1,5,2020-02-29 14:48:41,rainfall,3.0,0.38,0,1,0,0,14
116,29,1,5,2020-02-29 14:58:50,rainfall,3.0,0.38,0,1,0,0,14
116,29,1,5,2020-02-29 15:09:00,rainfall,3.0,0.38,0,1,0,0,15
116,29,1,5,2020-02-29 15:19:09,rainfall,3.0,1.4,0,1,0,0,15
116,29,1,5,2020-02-29 15:24:15,rainfall,3.0,1.4,0,1,0,0,15
116,29,1,5,2020-02-29 15:34:24,rainfall,3.0,1.4,0,1,0,0,15
116,29,1,5,2020-02-29 15:44:33,rainfall,3.0,1.4,0,1,0,0,15
116,29,1,5,2020-02-29 15:54:43,rainfall,3.0,1.65,0,1,0,0,15
116,29,1,5,2020-02-29 16:04:52,rainfall,3.0,1.65,0,1,0,0,16
116,29,1,5,2020-02-29 16:15:01,rainfall,3.0,1.65,0,1,0,0,16
116,29,1,5,2020-02-29 16:25:10,rainfall,3.0,2.41,0,1,0,0,16
116,29,1,5,2020-02-29 16:35:19,rainfall,3.0,2.41,0,1,0,0,16
116,29,1,5,2020-02-29 16:45:28,rainfall,3.0,3.81,0,1,0,0,16
116,29,1,5,2020-02-29 16:55:37,rainfall,3.0,3.81,0,1,0,0,16
116,29,1,5,2020-02-29 17:05:46,rainfall,3.0,3.81,0,0,1,0,17
116,29,1,5,2020-02-29 17:15:55,rainfall,3.0,4.32,0,0,1,0,17
116,30,0,5,2020-02-29 17:28:00,rainfall,3.0,4.32,0,0,1,0,17
116,30,0,5,2020-02-29 17:38:10,rainfall,3.0,4.32,0,0,1,0,17
116,30,0,5,2020-02-29 17:48:20,rainfall,3.0,2.67,0,0,1,0,17
116,30,0,5,2020-02-29 17:58:28,rainfall,3.0,2.67,0,0,1,0,17
116,30,0,5,2020-02-29 18:08:37,rainfall,3.0,2.67,0,0,1,0,18
116,30,0,5,2020-02-29 18:18:46,rainfall,5.0,0.51,0,0,1,0,18
116,30,0,5,2020-02-29 18:28:55,rainfall,5.0,0.51,0,0,1,0,18
116,30,0,5,2020-02-29 18:39:04,rainfall,5.0,0.51,0,0,1,0,18
116,30,0,5,2020-02-29 18:49:12,rainfall,5.0,0.25,0,0,1,0,18
116,30,0,5,2020-02-29 18:59:21,rainfall,5.0,0.25,0,0,1,0,18
116,30,0,5,2020-02-29 19:09:31,rainfall,5.0,0.25,0,0,1,0,19
116,30,0,5,2020-02-29 19:19:40,rainfall,5.0,0.25,0,0,1,0,19
116,30,0,5,2020-02-29 19:29:49,rainfall,5.0,0.25,0,0,1,0,19
116,30,0,5,2020-02-29 19:39:58,rainfall,5.0,0.25,0,0,1,0,19
116,30,0,5,2020-02-29 19:50:07,rainfall,5.0,0.0,0,0,1,0,19
116,30,0,5,2020-02-29 20:00:16,rainfall,5.0,0.0,0,0,0,0,20
116,30,0,5,2020-02-29 20:10:24,rainfall,5.0,0.0,0,0,0,1,20
116,30,0,5,2020-02-29 20:20:34,clouds,5.0,0.0,0,0,0,1,20
116,30,0,5,2020-02-29 20:30:43,clouds,5.0,0.0,0,0,0,1,20
116,30,0,5,2020-02-29 20:40:52,clouds,5.0,0.0,0,0,0,1,20
116,30,0,5,2020-02-29 20:51:02,clouds,5.0,0.0,0,0,0,1,20
116,30,0,5,2020-02-29 21:01:11,clouds,5.0,0.0,0,0,0,1,21
116,30,0,5,2020-02-29 21:11:20,clouds,5.0,0.0,0,0,0,1,21
116,30,0,5,2020-02-29 21:21:30,clouds,4.0,0.0,0,0,0,1,21
116,30,0,5,2020-02-29 21:31:39,clouds,4.0,0.0,0,0,0,1,21
116,30,0,5,2020-02-29 21:41:48,clouds,4.0,0.0,0,0,0,1,21
116,30,0,5,2020-02-29 21:51:58,clouds,4.0,0.0,0,0,0,1,21
116,30,0,5,2020-02-29 22:02:07,clouds,4.0,0.0,0,0,0,1,22
116,30,0,5,2020-02-29 22:12:16,clouds,4.0,0.0,0,0,0,1,22
116,30,0,5,2020-02-29 22:22:25,clouds,4.0,0.0,0,0,0,1,22
116,30,0,5,2020-02-29 22:32:34,clouds,4.0,0.0,0,0,0,1,22
116,30,0,5,2020-02-29 22:42:43,clouds,4.0,0.0,0,0,0,1,22
116,30,0,5,2020-02-29 22:52:53,clouds,4.0,0.0,0,0,0,1,22
116,30,0,5,2020-02-29 23:03:01,clouds,4.0,0.0,0,0,0,1,23
116,30,0,5,2020-02-29 23:13:10,clouds,4.0,0.0,0,0,0,1,23
116,30,0,5,2020-02-29 23:23:19,clouds,4.0,0.0,0,0,0,1,23
116,30,0,5,2020-02-29 23:33:27,clouds,4.0,0.0,0,0,0,1,23
116,30,0,5,2020-02-29 23:43:37,clouds,4.0,0.0,0,0,0,1,23
116,30,0,5,2020-02-29 23:53:46,clouds,3.0,0.0,0,0,0,1,23
116,30,0,6,2020-03-01 00:03:54,clouds,3.0,0.0,0,0,0,0,0
116,30,0,6,2020-03-01 00:14:03,clouds,3.0,0.0,0,0,0,0,0
116,30,0,6,2020-03-01 00:24:11,clouds,3.0,0.0,0,0,0,0,0
116,30,0,6,2020-03-01 00:32:05,clouds,3.0,0.0,0,0,0,0,0
116,30,0,6,2020-03-01 00:42:14,clouds,3.0,0.0,0,0,0,0,0
116,30,0,6,2020-03-01 00:52:23,clouds,3.0,0.0,0,0,0,0,0
116,30,0,6,2020-03-01 05:00:43,rainfall,3.0,0.0,1,0,0,0,5
116,30,0,6,2020-03-01 05:10:53,rainfall,3.0,0.0,1,0,0,0,5
116,30,0,6,2020-03-01 05:21:02,clouds,2.0,0.0,1,0,0,0,5
116,30,0,6,2020-03-01 05:31:11,clouds,2.0,0.0,1,0,0,0,5
116,30,0,6,2020-03-01 05:41:20,clouds,2.0,0.0,1,0,0,0,5
116,30,0,6,2020-03-01 05:51:29,clouds,2.0,0.0,1,0,0,0,5
116,30,0,6,2020-03-01 06:01:37,clouds,2.0,0.0,1,0,0,0,6
116,30,0,6,2020-03-01 06:11:46,clouds,2.0,0.0,1,0,0,0,6
116,30,0,6,2020-03-01 06:21:55,clouds,2.0,0.0,1,0,0,0,6
116,30,0,6,2020-03-01 06:32:05,clouds,2.0,0.0,1,0,0,0,6
116,30,0,6,2020-03-01 06:42:14,clouds,2.0,0.0,1,0,0,0,6
116,30,0,6,2020-03-01 06:52:23,clouds,2.0,0.0,1,0,0,0,6
116,30,0,6,2020-03-01 07:02:32,clouds,2.0,0.0,1,0,0,0,7
116,30,0,6,2020-03-01 07:12:41,clouds,2.0,0.0,1,0,0,0,7
116,30,0,6,2020-03-01 07:22:51,clouds,2.0,0.0,1,0,0,0,7
116,30,0,6,2020-03-01 07:33:00,clouds,2.0,0.0,1,0,0,0,7
116,30,0,6,2020-03-01 07:43:09,clouds,2.0,0.0,1,0,0,0,7
116,30,0,6,2020-03-01 07:53:17,clouds,2.0,0.0,1,0,0,0,7
116,30,0,6,2020-03-01 08:03:26,clouds,2.0,0.0,1,0,0,0,8
116,30,0,6,2020-03-01 08:13:35,clouds,2.0,0.0,1,0,0,0,8
116,30,0,6,2020-03-01 08:23:45,clouds,2.0,0.0,1,0,0,0,8
116,30,0,6,2020-03-01 08:33:54,clouds,2.0,0.0,1,0,0,0,8
116,30,0,6,2020-03-01 08:44:02,clouds,2.0,0.0,1,0,0,0,8
116,30,0,6,2020-03-01 08:54:12,clouds,3.0,0.0,1,0,0,0,8
116,30,0,6,2020-03-01 09:04:20,clouds,3.0,0.0,1,0,0,0,9
116,30,0,6,2020-03-01 09:14:30,clouds,3.0,0.0,1,0,0,0,9
116,30,0,6,2020-03-01 09:24:39,clouds,3.0,0.0,1,0,0,0,9
116,30,0,6,2020-03-01 09:34:48,clouds,3.0,0.0,1,0,0,0,9
116,30,0,6,2020-03-01 09:44:57,clouds,3.0,0.0,1,0,0,0,9
116,30,0,6,2020-03-01 09:55:06,clouds,3.0,0.0,1,0,0,0,9
116,30,0,6,2020-03-01 10:05:15,clouds,3.0,0.0,1,0,0,0,10
116,30,0,6,2020-03-01 10:15:25,clouds,4.0,0.0,1,0,0,0,10
116,30,0,6,2020-03-01 10:25:34,clouds,4.0,0.0,1,0,0,0,10
116,30,0,6,2020-03-01 10:35:43,clouds,4.0,0.0,1,0,0,0,10
116,30,0,6,2020-03-01 10:45:52,clouds,4.0,0.0,1,0,0,0,10
116,30,0,6,2020-03-01 10:56:02,clouds,4.0,0.0,1,0,0,0,10
116,30,0,6,2020-03-01 11:06:10,clouds,4.0,0.0,1,0,0,0,11
116,30,0,6,2020-03-01 11:16:20,clouds,5.0,0.0,1,0,0,0,11
116,30,0,6,2020-03-01 11:26:29,clouds,5.0,0.0,1,0,0,0,11
116,30,0,6,2020-03-01 11:36:38,clouds,5.0,0.0,1,0,0,0,11
116,30,0,6,2020-03-01 11:46:47,clouds,5.0,0.0,1,0,0,0,11
116,30,0,6,2020-03-01 11:56:56,clouds,5.0,0.0,1,0,0,0,11
116,30,0,6,2020-03-01 12:07:05,clouds,5.0,0.0,0,1,0,0,12
116,30,0,6,2020-03-01 12:17:15,clouds,5.0,0.0,0,1,0,0,12
116,30,0,6,2020-03-01 12:27:24,clouds,5.0,0.0,0,1,0,0,12
116,30,0,6,2020-03-01 12:37:33,clouds,5.0,0.0,0,1,0,0,12
116,30,0,6,2020-03-01 12:47:42,clouds,5.0,0.0,0,1,0,0,12
116,30,0,6,2020-03-01 12:57:52,clouds,5.0,0.0,0,1,0,0,12
116,30,0,6,2020-03-01 13:08:01,clouds,5.0,0.0,0,1,0,0,13
116,30,0,6,2020-03-01 13:18:10,rainfall,5.0,0.25,0,1,0,0,13
116,30,0,6,2020-03-01 13:28:19,rainfall,5.0,0.25,0,1,0,0,13
116,30,0,6,2020-03-01 13:38:28,rainfall,5.0,0.25,0,1,0,0,13
116,30,0,6,2020-03-01 13:48:37,rainfall,5.0,0.25,0,1,0,0,13
116,30,0,6,2020-03-01 13:58:47,rainfall,5.0,0.25,0,1,0,0,13
116,30,0,6,2020-03-01 14:08:56,rainfall,5.0,0.25,0,1,0,0,14
116,30,0,6,2020-03-01 14:19:05,clouds,5.0,0.0,0,1,0,0,14
116,30,0,6,2020-03-01 14:29:14,clouds,5.0,0.0,0,1,0,0,14
116,30,0,6,2020-03-01 14:39:24,clouds,5.0,0.0,0,1,0,0,14
116,30,0,6,2020-03-01 14:49:32,rainfall,5.0,0.0,0,1,0,0,14
116,30,0,6,2020-03-01 14:59:41,rainfall,5.0,0.0,0,1,0,0,14
116,30,0,6,2020-03-01 15:09:52,rainfall,5.0,0.0,0,1,0,0,15
116,30,0,6,2020-03-01 15:20:01,rainfall,5.0,0.25,0,1,0,0,15
116,30,0,6,2020-03-01 15:30:10,rainfall,5.0,0.25,0,1,0,0,15
116,30,0,6,2020-03-01 15:40:19,rainfall,5.0,0.25,0,1,0,0,15
116,30,0,6,2020-03-01 15:50:28,rainfall,4.0,0.51,0,1,0,0,15
116,30,0,6,2020-03-01 16:00:37,rainfall,4.0,0.51,0,1,0,0,16
116,30,0,6,2020-03-01 16:10:47,rainfall,4.0,0.51,0,1,0,0,16
116,30,0,6,2020-03-01 16:20:56,rainfall,5.0,0.38,0,1,0,0,16
116,30,0,6,2020-03-01 16:31:04,rainfall,5.0,0.38,0,1,0,0,16
116,30,0,6,2020-03-01 16:41:13,rainfall,5.0,0.38,0,1,0,0,16
116,30,0,6,2020-03-01 16:51:22,clouds,5.0,0.0,0,1,0,0,16
116,30,0,6,2020-03-01 17:01:32,clouds,5.0,0.0,0,0,1,0,17
116,30,0,6,2020-03-01 17:11:41,clouds,5.0,0.0,0,0,1,0,17
116,30,0,6,2020-03-01 17:21:50,clouds,5.0,0.0,0,0,1,0,17
116,30,0,6,2020-03-01 17:31:59,clouds,5.0,0.0,0,0,1,0,17
116,30,0,6,2020-03-01 17:42:08,clouds,5.0,0.0,0,0,1,0,17
116,30,0,6,2020-03-01 17:52:18,clouds,4.0,0.0,0,0,1,0,17
116,29,1,6,2020-03-01 18:00:50,clouds,4.0,0.0,0,0,1,0,18
116,29,1,6,2020-03-01 18:10:59,clouds,4.0,0.0,0,0,1,0,18
116,29,1,6,2020-03-01 18:21:08,rainfall,3.0,0.25,0,0,1,0,18
116,29,1,6,2020-03-01 18:31:17,rainfall,3.0,0.25,0,0,1,0,18
116,29,1,6,2020-03-01 18:41:26,rainfall,3.0,0.25,0,0,1,0,18
116,29,1,6,2020-03-01 18:51:35,rainfall,3.0,0.25,0,0,1,0,18
116,29,1,6,2020-03-01 19:01:45,rainfall,3.0,0.25,0,0,1,0,19
116,28,2,6,2020-03-01 19:10:09,rainfall,3.0,0.25,0,0,1,0,19
116,27,3,6,2020-03-01 19:20:37,rainfall,3.0,0.25,0,0,1,0,19
116,27,3,6,2020-03-01 19:30:47,rainfall,3.0,0.25,0,0,1,0,19
116,27,3,6,2020-03-01 19:40:56,rainfall,3.0,0.25,0,0,1,0,19
116,27,3,6,2020-03-01 19:51:05,clouds,3.0,0.0,0,0,1,0,19
116,27,3,6,2020-03-01 20:01:14,clouds,3.0,0.0,0,0,0,1,20
116,27,3,6,2020-03-01 20:11:24,clouds,3.0,0.0,0,0,0,1,20
116,27,3,6,2020-03-01 20:21:33,clouds,3.0,0.0,0,0,0,1,20
116,27,3,6,2020-03-01 20:31:42,clouds,3.0,0.0,0,0,0,1,20
116,27,3,6,2020-03-01 20:41:51,clouds,3.0,0.0,0,0,0,1,20
116,27,3,6,2020-03-01 20:52:00,clouds,2.0,0.0,0,0,0,1,20
116,27,3,6,2020-03-01 21:02:09,clouds,2.0,0.0,0,0,0,1,21
116,27,3,6,2020-03-01 21:12:18,clouds,2.0,0.0,0,0,0,1,21
116,27,3,6,2020-03-01 21:22:28,clouds,2.0,0.0,0,0,0,1,21
116,27,3,6,2020-03-01 21:32:37,clouds,2.0,0.0,0,0,0,1,21
116,27,3,6,2020-03-01 21:42:46,clouds,2.0,0.0,0,0,0,1,21
116,27,3,6,2020-03-01 21:52:55,clouds,2.0,0.0,0,0,0,1,21
116,27,3,6,2020-03-01 21:59:41,clouds,2.0,0.0,0,0,0,1,21
116,28,2,6,2020-03-01 22:09:50,clouds,2.0,0.0,0,0,0,1,22
116,28,2,6,2020-03-01 22:19:59,clouds,2.0,0.0,0,0,0,1,22
116,28,2,6,2020-03-01 22:30:08,clouds,2.0,0.0,0,0,0,1,22
116,28,2,6,2020-03-01 22:40:18,clouds,2.0,0.0,0,0,0,1,22
116,28,2,6,2020-03-01 22:50:27,clouds,2.0,0.0,0,0,0,1,22
116,28,2,6,2020-03-01 23:00:36,clouds,2.0,0.0,0,0,0,1,23
116,28,2,6,2020-03-01 23:10:45,clouds,2.0,0.0,0,0,0,1,23
116,28,2,6,2020-03-01 23:20:54,clouds,2.0,0.0,0,0,0,1,23
116,28,2,6,2020-03-01 23:31:04,clouds,2.0,0.0,0,0,0,1,23
116,28,2,6,2020-03-01 23:41:12,clouds,2.0,0.0,0,0,0,1,23
116,28,2,6,2020-03-01 23:51:22,clouds,2.0,0.0,0,0,0,1,23
116,24,6,5,2020-03-07 00:03:00,rainfall,6.0,0.0,0,0,0,0,0
116,24,6,5,2020-03-07 00:13:49,rainfall,6.0,0.0,0,0,0,0,0
116,25,5,5,2020-03-07 00:23:57,rainfall,5.0,0.0,0,0,0,0,0
116,25,5,5,2020-03-07 00:32:56,rainfall,5.0,0.0,0,0,0,0,0
116,25,5,5,2020-03-07 00:43:05,clouds,6.0,0.0,0,0,0,0,0
116,25,5,5,2020-03-07 00:53:14,clouds,6.0,0.0,0,0,0,0,0
116,25,5,5,2020-03-07 05:00:46,clouds,8.0,0.0,1,0,0,0,5
116,25,5,5,2020-03-07 05:10:55,clouds,8.0,0.0,1,0,0,0,5
116,25,5,5,2020-03-07 05:21:04,clouds,8.0,0.0,1,0,0,0,5
116,25,5,5,2020-03-07 05:31:13,clouds,8.0,0.0,1,0,0,0,5
116,25,5,5,2020-03-07 05:41:22,clouds,8.0,0.0,1,0,0,0,5
116,25,5,5,2020-03-07 05:51:31,clouds,9.0,0.0,1,0,0,0,5
116,25,5,5,2020-03-07 06:01:40,clouds,9.0,0.0,1,0,0,0,6
116,25,5,5,2020-03-07 06:11:49,clouds,9.0,0.0,1,0,0,0,6
116,25,5,5,2020-03-07 06:21:58,clouds,9.0,0.0,1,0,0,0,6
116,25,5,5,2020-03-07 06:32:07,clouds,9.0,0.0,1,0,0,0,6
116,25,5,5,2020-03-07 06:42:16,clouds,9.0,0.0,1,0,0,0,6
116,25,5,5,2020-03-07 06:52:25,clouds,9.0,0.0,1,0,0,0,6
116,25,5,5,2020-03-07 07:02:34,clouds,9.0,0.0,1,0,0,0,7
116,25,5,5,2020-03-07 07:12:43,clouds,9.0,0.0,1,0,0,0,7
116,25,5,5,2020-03-07 07:22:52,clouds,9.0,0.0,1,0,0,0,7
116,25,5,5,2020-03-07 07:33:01,clouds,9.0,0.0,1,0,0,0,7
116,25,5,5,2020-03-07 07:43:11,clouds,10.0,0.0,1,0,0,0,7
116,25,5,5,2020-03-07 07:53:19,clouds,10.0,0.0,1,0,0,0,7
116,25,5,5,2020-03-07 08:03:28,clouds,10.0,0.0,1,0,0,0,8
116,25,5,5,2020-03-07 08:13:37,clouds,10.0,0.0,1,0,0,0,8
116,25,5,5,2020-03-07 08:23:46,clouds,10.0,0.0,1,0,0,0,8
116,25,5,5,2020-03-07 08:33:56,clouds,10.0,0.0,1,0,0,0,8
116,25,5,5,2020-03-07 08:44:05,clouds,10.0,0.0,1,0,0,0,8
116,25,5,5,2020-03-07 08:54:14,clouds,10.0,0.0,1,0,0,0,8
116,25,5,5,2020-03-07 09:04:23,clouds,10.0,0.0,1,0,0,0,9
116,25,5,5,2020-03-07 09:14:31,clouds,10.0,0.0,1,0,0,0,9
116,25,5,5,2020-03-07 09:24:41,clouds,10.0,0.0,1,0,0,0,9
116,25,5,5,2020-03-07 09:34:50,clouds,10.0,0.0,1,0,0,0,9
116,25,5,5,2020-03-07 09:44:59,clouds,10.0,0.0,1,0,0,0,9
116,25,5,5,2020-03-07 09:55:08,clouds,11.0,0.0,1,0,0,0,9
116,25,5,5,2020-03-07 10:05:17,clouds,11.0,0.0,1,0,0,0,10
116,25,5,5,2020-03-07 10:15:26,clouds,11.0,0.0,1,0,0,0,10
116,25,5,5,2020-03-07 10:25:36,clouds,11.0,0.0,1,0,0,0,10
116,25,5,5,2020-03-07 10:35:44,clouds,11.0,0.0,1,0,0,0,10
116,25,5,5,2020-03-07 10:45:53,clouds,11.0,0.0,1,0,0,0,10
116,24,6,5,2020-03-07 10:56:08,clouds,11.0,0.0,1,0,0,0,10
116,24,6,5,2020-03-07 11:06:17,clouds,11.0,0.0,1,0,0,0,11
116,25,5,5,2020-03-07 11:17:56,clouds,12.0,0.0,1,0,0,0,11
116,27,3,5,2020-03-07 11:27:21,clouds,12.0,0.0,1,0,0,0,11
116,28,2,5,2020-03-07 11:37:30,clouds,12.0,0.0,1,0,0,0,11
116,27,3,5,2020-03-07 11:49:51,clouds,12.0,0.0,1,0,0,0,11
116,27,3,5,2020-03-07 11:57:39,clouds,12.0,0.0,1,0,0,0,11
116,28,2,5,2020-03-07 12:07:48,clouds,12.0,0.0,0,1,0,0,12
116,28,2,5,2020-03-07 12:18:00,clouds,12.0,0.0,0,1,0,0,12
116,29,1,5,2020-03-07 12:28:08,clouds,12.0,0.0,0,1,0,0,12
116,29,1,5,2020-03-07 12:38:16,clouds,12.0,0.0,0,1,0,0,12
116,29,1,5,2020-03-07 12:48:26,clouds,12.0,0.0,0,1,0,0,12
116,29,1,5,2020-03-07 12:58:34,clouds,12.0,0.0,0,1,0,0,12
116,27,3,5,2020-03-07 13:09:08,clouds,12.0,0.0,0,1,0,0,13
116,27,3,5,2020-03-07 13:19:16,clouds,12.0,0.0,0,1,0,0,13
116,27,3,5,2020-03-07 13:29:26,clouds,12.0,0.0,0,1,0,0,13
116,27,3,5,2020-03-07 13:39:35,clouds,12.0,0.0,0,1,0,0,13
116,27,3,5,2020-03-07 13:49:44,clouds,12.0,0.0,0,1,0,0,13
116,27,3,5,2020-03-07 13:59:53,clouds,12.0,0.0,0,1,0,0,13
116,27,3,5,2020-03-07 14:10:02,clouds,12.0,0.0,0,1,0,0,14
116,27,3,5,2020-03-07 14:20:12,clouds,11.0,0.0,0,1,0,0,14
116,27,3,5,2020-03-07 14:30:21,clouds,11.0,0.0,0,1,0,0,14
116,27,3,5,2020-03-07 14:40:30,clouds,11.0,0.0,0,1,0,0,14
116,27,3,5,2020-03-07 14:50:39,clouds,11.0,0.0,0,1,0,0,14
116,27,3,5,2020-03-07 15:00:49,clouds,11.0,0.0,0,1,0,0,15
116,27,3,5,2020-03-07 15:10:57,clouds,11.0,0.0,0,1,0,0,15
116,27,3,5,2020-03-07 15:21:06,clouds,11.0,0.0,0,1,0,0,15
116,27,3,5,2020-03-07 15:31:14,clouds,11.0,0.0,0,1,0,0,15
116,27,3,5,2020-03-07 15:41:22,clouds,11.0,0.0,0,1,0,0,15
116,28,2,5,2020-03-07 15:48:43,clouds,11.0,0.0,0,1,0,0,15
116,29,1,5,2020-03-07 15:58:51,clouds,11.0,0.0,0,1,0,0,15
116,29,1,5,2020-03-07 16:09:00,clouds,11.0,0.0,0,1,0,0,16
116,29,1,5,2020-03-07 16:18:59,clouds,11.0,0.0,0,1,0,0,16
116,30,0,5,2020-03-07 16:21:10,clouds,11.0,0.0,0,1,0,0,16
116,30,0,5,2020-03-07 16:31:19,clouds,11.0,0.0,0,1,0,0,16
116,30,0,5,2020-03-07 16:41:28,clouds,11.0,0.0,0,1,0,0,16
116,30,0,5,2020-03-07 16:51:37,clouds,11.0,0.0,0,1,0,0,16
116,30,0,5,2020-03-07 17:01:47,clouds,11.0,0.0,0,0,1,0,17
116,30,0,5,2020-03-07 17:11:56,clouds,10.0,0.0,0,0,1,0,17
116,30,0,5,2020-03-07 17:22:05,clouds,10.0,0.0,0,0,1,0,17
116,30,0,5,2020-03-07 17:32:13,clouds,10.0,0.0,0,0,1,0,17
116,30,0,5,2020-03-07 17:42:23,clouds,10.0,0.0,0,0,1,0,17
116,30,0,5,2020-03-07 17:52:31,clouds,10.0,0.0,0,0,1,0,17
116,30,0,5,2020-03-07 18:02:41,clouds,10.0,0.0,0,0,1,0,18
116,30,0,5,2020-03-07 18:12:50,clouds,10.0,0.0,0,0,1,0,18
116,30,0,5,2020-03-07 18:22:58,clouds,10.0,0.0,0,0,1,0,18
116,30,0,5,2020-03-07 18:33:07,clouds,10.0,0.0,0,0,1,0,18
116,30,0,5,2020-03-07 18:43:16,drizzle,10.0,0.0,0,0,1,0,18
116,30,0,5,2020-03-07 18:53:26,drizzle,10.0,0.0,0,0,1,0,18
116,30,0,5,2020-03-07 19:03:35,drizzle,10.0,0.0,0,0,1,0,19
116,30,0,5,2020-03-07 19:13:44,drizzle,10.0,0.0,0,0,1,0,19
116,30,0,5,2020-03-07 19:23:52,drizzle,10.0,0.0,0,0,1,0,19
116,30,0,5,2020-03-07 19:34:02,drizzle,10.0,0.0,0,0,1,0,19
116,30,0,5,2020-03-07 19:44:11,clouds,11.0,0.0,0,0,1,0,19
116,30,0,5,2020-03-07 19:54:20,clouds,11.0,0.0,0,0,1,0,19
116,30,0,5,2020-03-07 20:04:29,clouds,11.0,0.0,0,0,0,1,20
116,30,0,5,2020-03-07 20:14:38,clouds,11.0,0.0,0,0,0,1,20
116,30,0,5,2020-03-07 20:24:47,clouds,11.0,0.0,0,0,0,1,20
116,30,0,5,2020-03-07 20:34:56,clouds,11.0,0.0,0,0,0,1,20
116,30,0,5,2020-03-07 20:45:05,clouds,11.0,0.0,0,0,0,1,20
116,30,0,5,2020-03-07 20:55:14,clouds,11.0,0.0,0,0,0,1,20
116,30,0,5,2020-03-07 21:05:23,clouds,11.0,0.0,0,0,0,1,21
116,30,0,5,2020-03-07 21:15:33,drizzle,10.0,0.38,0,0,0,1,21
116,30,0,5,2020-03-07 21:25:42,drizzle,10.0,0.38,0,0,0,1,21
116,30,0,5,2020-03-07 21:35:51,drizzle,10.0,0.38,0,0,0,1,21
116,30,0,5,2020-03-07 21:46:00,rainfall,10.0,0.38,0,0,0,1,21
116,30,0,5,2020-03-07 21:56:08,rainfall,10.0,0.38,0,0,0,1,21
116,30,0,5,2020-03-07 22:06:17,rainfall,10.0,0.38,0,0,0,1,22
116,30,0,5,2020-03-07 22:16:26,rainfall,10.0,0.38,0,0,0,1,22
116,30,0,5,2020-03-07 22:26:35,rainfall,10.0,0.38,0,0,0,1,22
116,30,0,5,2020-03-07 22:36:44,rainfall,10.0,0.38,0,0,0,1,22
116,30,0,5,2020-03-07 22:46:53,rainfall,10.0,0.38,0,0,0,1,22
116,30,0,5,2020-03-07 22:57:02,rainfall,10.0,0.38,0,0,0,1,22
116,28,2,5,2020-03-07 23:08:11,rainfall,10.0,0.77,0,0,0,1,23
116,28,2,5,2020-03-07 23:18:20,rainfall,10.0,0.77,0,0,0,1,23
116,28,2,5,2020-03-07 23:28:29,rainfall,10.0,0.77,0,0,0,1,23
116,28,2,5,2020-03-07 23:38:38,rainfall,9.0,0.77,0,0,0,1,23
116,28,2,5,2020-03-07 23:48:47,rainfall,9.0,0.77,0,0,0,1,23
116,27,3,5,2020-03-07 23:52:47,rainfall,9.0,0.77,0,0,0,1,23
116,27,3,6,2020-03-08 00:02:56,rainfall,9.0,0.77,0,0,0,0,0
116,27,3,6,2020-03-08 00:11:16,rainfall,9.0,0.0,0,0,0,0,0
116,28,2,6,2020-03-08 00:21:26,rainfall,9.0,0.0,0,0,0,0,0
116,28,2,6,2020-03-08 00:32:21,rainfall,9.0,0.0,0,0,0,0,0
116,28,2,6,2020-03-08 00:42:30,rainfall,9.0,0.0,0,0,0,0,0
116,28,2,6,2020-03-08 00:52:39,rainfall,8.0,0.25,0,0,0,0,0
116,28,2,6,2020-03-08 05:00:47,clouds,6.0,0.0,1,0,0,0,5
116,28,2,6,2020-03-08 05:10:55,clouds,6.0,0.0,1,0,0,0,5
116,28,2,6,2020-03-08 05:21:03,rainfall,6.0,0.25,1,0,0,0,5
116,28,2,6,2020-03-08 05:31:11,rainfall,6.0,0.25,1,0,0,0,5
116,28,2,6,2020-03-08 05:41:20,rainfall,6.0,0.25,1,0,0,0,5
116,28,2,6,2020-03-08 05:51:28,rainfall,6.0,0.25,1,0,0,0,5
116,28,2,6,2020-03-08 06:01:37,rainfall,6.0,0.25,1,0,0,0,6
116,28,2,6,2020-03-08 06:11:46,clouds,6.0,0.0,1,0,0,0,6
116,28,2,6,2020-03-08 06:21:55,clouds,6.0,0.0,1,0,0,0,6
116,28,2,6,2020-03-08 06:32:03,clouds,6.0,0.0,1,0,0,0,6
116,28,2,6,2020-03-08 06:42:11,clouds,6.0,0.0,1,0,0,0,6
116,28,2,6,2020-03-08 06:52:19,clouds,6.0,0.0,1,0,0,0,6
116,28,2,6,2020-03-08 07:02:28,clouds,6.0,0.0,1,0,0,0,7
116,28,2,6,2020-03-08 07:12:36,clouds,6.0,0.0,1,0,0,0,7
116,28,2,6,2020-03-08 07:22:44,clouds,6.0,0.0,1,0,0,0,7
116,28,2,6,2020-03-08 07:32:52,clouds,6.0,0.0,1,0,0,0,7
116,28,2,6,2020-03-08 07:43:01,clouds,6.0,0.0,1,0,0,0,7
116,28,2,6,2020-03-08 07:53:09,clouds,5.0,0.0,1,0,0,0,7
116,28,2,6,2020-03-08 08:03:17,clouds,5.0,0.0,1,0,0,0,8
116,28,2,6,2020-03-08 08:13:25,clouds,6.0,0.0,1,0,0,0,8
116,28,2,6,2020-03-08 08:23:33,clouds,6.0,0.0,1,0,0,0,8
116,28,2,6,2020-03-08 08:33:42,clouds,6.0,0.0,1,0,0,0,8
116,28,2,6,2020-03-08 08:43:50,clouds,6.0,0.0,1,0,0,0,8
116,28,2,6,2020-03-08 08:53:58,clouds,6.0,0.0,1,0,0,0,8
116,28,2,6,2020-03-08 09:04:07,clouds,6.0,0.0,1,0,0,0,9
116,28,2,6,2020-03-08 09:14:15,clouds,6.0,0.0,1,0,0,0,9
116,28,2,6,2020-03-08 09:24:23,clouds,6.0,0.0,1,0,0,0,9
116,28,2,6,2020-03-08 09:34:31,clouds,6.0,0.0,1,0,0,0,9
116,28,2,6,2020-03-08 09:44:40,clouds,6.0,0.0,1,0,0,0,9
116,28,2,6,2020-03-08 09:54:47,clouds,6.0,0.0,1,0,0,0,9
116,28,2,6,2020-03-08 09:57:51,clouds,6.0,0.0,1,0,0,0,9
116,29,1,6,2020-03-08 10:07:59,clouds,6.0,0.0,1,0,0,0,10
116,29,1,6,2020-03-08 10:18:06,clouds,7.0,0.0,1,0,0,0,10
116,29,1,6,2020-03-08 10:28:14,clouds,7.0,0.0,1,0,0,0,10
116,29,1,6,2020-03-08 10:38:22,clouds,7.0,0.0,1,0,0,0,10
116,29,1,6,2020-03-08 10:48:31,clouds,7.0,0.0,1,0,0,0,10
116,29,1,6,2020-03-08 10:58:38,clouds,7.0,0.0,1,0,0,0,10
116,29,1,6,2020-03-08 11:08:46,clouds,7.0,0.0,1,0,0,0,11
116,29,1,6,2020-03-08 11:18:53,clouds,8.0,0.0,1,0,0,0,11
116,29,1,6,2020-03-08 11:29:01,clouds,8.0,0.0,1,0,0,0,11
116,29,1,6,2020-03-08 11:39:09,clouds,8.0,0.0,1,0,0,0,11
116,29,1,6,2020-03-08 11:49:17,clouds,9.0,0.0,1,0,0,0,11
116,29,1,6,2020-03-08 11:59:25,clouds,9.0,0.0,1,0,0,0,11
116,29,1,6,2020-03-08 12:09:34,clouds,9.0,0.0,0,1,0,0,12
116,29,1,6,2020-03-08 12:19:42,rainfall,9.0,0.0,0,1,0,0,12
116,29,1,6,2020-03-08 12:29:50,rainfall,9.0,0.0,0,1,0,0,12
116,29,1,6,2020-03-08 12:39:59,rainfall,9.0,0.0,0,1,0,0,12
116,29,1,6,2020-03-08 12:50:08,rainfall,9.0,0.0,0,1,0,0,12
116,29,1,6,2020-03-08 13:00:16,rainfall,9.0,0.0,0,1,0,0,13
116,29,1,6,2020-03-08 13:10:24,rainfall,8.0,0.25,0,1,0,0,13
116,30,0,6,2020-03-08 13:15:42,rainfall,8.0,0.25,0,1,0,0,13
116,30,0,6,2020-03-08 13:25:50,rainfall,8.0,0.25,0,1,0,0,13
116,30,0,6,2020-03-08 13:35:59,rainfall,8.0,0.25,0,1,0,0,13
116,30,0,6,2020-03-08 13:46:07,rainfall,7.0,0.51,0,1,0,0,13
116,30,0,6,2020-03-08 13:56:15,rainfall,7.0,0.51,0,1,0,0,13
116,30,0,6,2020-03-08 14:06:24,rainfall,7.0,0.51,0,1,0,0,14
116,30,0,6,2020-03-08 14:16:32,rainfall,7.0,1.02,0,1,0,0,14
116,30,0,6,2020-03-08 14:26:40,rainfall,7.0,1.02,0,1,0,0,14
116,30,0,6,2020-03-08 14:36:48,rainfall,7.0,1.02,0,1,0,0,14
116,30,0,6,2020-03-08 14:46:56,rainfall,6.0,0.76,0,1,0,0,14
116,30,0,6,2020-03-08 14:57:05,rainfall,6.0,0.76,0,1,0,0,14
116,30,0,6,2020-03-08 15:07:13,rainfall,6.0,0.76,0,1,0,0,15
116,30,0,6,2020-03-08 15:11:20,rainfall,6.0,0.76,0,1,0,0,15
116,30,0,6,2020-03-08 15:21:28,clouds,7.0,0.0,0,1,0,0,15
116,28,2,6,2020-03-08 15:34:28,clouds,7.0,0.0,0,1,0,0,15
116,28,2,6,2020-03-08 15:44:36,rainfall,7.0,0.0,0,1,0,0,15
116,28,2,6,2020-03-08 15:52:37,rainfall,7.0,0.0,0,1,0,0,15
116,28,2,6,2020-03-08 16:02:46,rainfall,7.0,0.0,0,1,0,0,16
116,28,2,6,2020-03-08 16:12:54,rainfall,7.0,0.89,0,1,0,0,16
116,28,2,6,2020-03-08 16:23:02,rainfall,7.0,0.89,0,1,0,0,16
116,28,2,6,2020-03-08 16:33:18,rainfall,7.0,0.89,0,1,0,0,16
116,28,2,6,2020-03-08 16:43:26,rainfall,6.0,0.25,0,1,0,0,16
116,28,2,6,2020-03-08 16:53:35,rainfall,6.0,0.25,0,1,0,0,16
116,28,2,6,2020-03-08 17:03:43,rainfall,6.0,0.25,0,0,1,0,17
116,28,2,6,2020-03-08 17:13:51,rainfall,6.0,0.25,0,0,1,0,17
116,28,2,6,2020-03-08 17:23:59,rainfall,6.0,0.0,0,0,1,0,17
116,28,2,6,2020-03-08 17:34:07,rainfall,6.0,0.0,0,0,1,0,17
116,28,2,6,2020-03-08 17:44:16,rainfall,6.0,0.0,0,0,1,0,17
116,28,2,6,2020-03-08 17:54:24,rainfall,6.0,0.0,0,0,1,0,17
116,28,2,6,2020-03-08 18:04:32,rainfall,6.0,0.0,0,0,1,0,18
116,28,2,6,2020-03-08 18:14:40,clouds,5.0,0.0,0,0,1,0,18
116,26,4,6,2020-03-08 18:18:37,clouds,5.0,0.0,0,0,1,0,18
116,26,4,6,2020-03-08 18:28:45,clouds,5.0,0.0,0,0,1,0,18
116,26,4,6,2020-03-08 18:38:53,clouds,5.0,0.0,0,0,1,0,18
116,26,4,6,2020-03-08 18:49:01,clouds,5.0,0.0,0,0,1,0,18
116,26,4,6,2020-03-08 18:59:10,clouds,5.0,0.0,0,0,1,0,18
116,26,4,6,2020-03-08 19:02:14,clouds,5.0,0.0,0,0,1,0,19
116,27,3,6,2020-03-08 19:12:22,clouds,5.0,0.0,0,0,1,0,19
116,27,3,6,2020-03-08 19:22:31,clouds,5.0,0.0,0,0,1,0,19
116,27,3,6,2020-03-08 19:32:39,clouds,5.0,0.0,0,0,1,0,19
116,27,3,6,2020-03-08 19:39:30,clouds,5.0,0.0,0,0,1,0,19
116,27,3,6,2020-03-08 19:40:10,clouds,5.0,0.0,0,0,1,0,19
116,28,2,6,2020-03-08 19:50:18,clouds,5.0,0.0,0,0,1,0,19
116,28,2,6,2020-03-08 20:00:26,clouds,5.0,0.0,0,0,0,0,20
116,28,2,6,2020-03-08 20:10:35,clouds,5.0,0.0,0,0,0,1,20
116,28,2,6,2020-03-08 20:20:43,clouds,5.0,0.0,0,0,0,1,20
116,28,2,6,2020-03-08 20:30:51,clouds,5.0,0.0,0,0,0,1,20
116,28,2,6,2020-03-08 20:39:40,rainfall,5.0,0.0,0,0,0,1,20
116,30,0,6,2020-03-08 20:40:49,rainfall,5.0,0.0,0,0,0,1,20
116,30,0,6,2020-03-08 20:50:57,rainfall,5.0,0.0,0,0,0,1,20
116,30,0,6,2020-03-08 21:01:06,rainfall,5.0,0.0,0,0,0,1,21
116,30,0,6,2020-03-08 21:11:13,clouds,5.0,0.0,0,0,0,1,21
116,30,0,6,2020-03-08 21:21:21,clouds,5.0,0.0,0,0,0,1,21
116,30,0,6,2020-03-08 21:31:28,clouds,5.0,0.0,0,0,0,1,21
116,30,0,6,2020-03-08 21:41:36,clouds,5.0,0.0,0,0,0,1,21
116,30,0,6,2020-03-08 21:51:43,clouds,5.0,0.0,0,0,0,1,21
116,30,0,6,2020-03-08 22:01:50,clouds,5.0,0.0,0,0,0,1,22
116,30,0,6,2020-03-08 22:11:57,clouds,5.0,0.0,0,0,0,1,22
116,30,0,6,2020-03-08 22:22:05,clouds,5.0,0.0,0,0,0,1,22
116,30,0,6,2020-03-08 22:32:13,clouds,5.0,0.0,0,0,0,1,22
116,30,0,6,2020-03-08 22:42:21,clouds,5.0,0.0,0,0,0,1,22
116,30,0,6,2020-03-08 22:52:27,clouds,5.0,0.0,0,0,0,1,22
116,30,0,6,2020-03-08 23:02:35,clouds,5.0,0.0,0,0,0,1,23
116,30,0,6,2020-03-08 23:12:42,clouds,5.0,0.0,0,0,0,1,23
116,30,0,6,2020-03-08 23:22:49,clouds,5.0,0.0,0,0,0,1,23
116,30,0,6,2020-03-08 23:32:57,clouds,5.0,0.0,0,0,0,1,23
116,30,0,6,2020-03-08 23:43:06,clouds,5.0,0.0,0,0,0,1,23
116,30,0,6,2020-03-08 23:53:13,clouds,5.0,0.0,0,0,0,1,23
116,29,1,5,2020-03-14 00:03:50,drizzle,6.0,0.25,0,0,0,0,0
116,29,1,5,2020-03-14 00:13:59,drizzle,6.0,0.25,0,0,0,0,0
116,29,1,5,2020-03-14 00:24:11,drizzle,6.0,0.25,0,0,0,0,0
116,29,1,5,2020-03-14 00:32:23,drizzle,6.0,0.25,0,0,0,0,0
116,29,1,5,2020-03-14 00:42:32,drizzle,6.0,0.0,0,0,0,0,0
116,29,1,5,2020-03-14 00:52:41,drizzle,6.0,0.0,0,0,0,0,0
116,29,1,5,2020-03-14 05:00:43,clouds,7.0,0.0,1,0,0,0,5
116,29,1,5,2020-03-14 05:10:52,clouds,7.0,0.0,1,0,0,0,5
116,29,1,5,2020-03-14 05:21:01,clouds,7.0,0.0,1,0,0,0,5
116,29,1,5,2020-03-14 05:31:10,clouds,7.0,0.0,1,0,0,0,5
116,29,1,5,2020-03-14 05:41:19,clouds,7.0,0.0,1,0,0,0,5
116,29,1,5,2020-03-14 05:51:28,clouds,7.0,0.0,1,0,0,0,5
116,29,1,5,2020-03-14 06:01:36,clouds,7.0,0.0,1,0,0,0,6
116,29,1,5,2020-03-14 06:11:45,clouds,7.0,0.0,1,0,0,0,6
116,29,1,5,2020-03-14 06:21:54,clouds,7.0,0.0,1,0,0,0,6
116,29,1,5,2020-03-14 06:32:03,clouds,7.0,0.0,1,0,0,0,6
116,29,1,5,2020-03-14 06:42:12,clouds,7.0,0.0,1,0,0,0,6
116,29,1,5,2020-03-14 06:52:21,clouds,7.0,0.0,1,0,0,0,6
116,29,1,5,2020-03-14 07:02:30,clouds,7.0,0.0,1,0,0,0,7
116,29,1,5,2020-03-14 07:12:39,drizzle,7.0,0.0,1,0,0,0,7
116,29,1,5,2020-03-14 07:22:47,drizzle,7.0,0.0,1,0,0,0,7
116,29,1,5,2020-03-14 07:32:56,drizzle,7.0,0.0,1,0,0,0,7
116,29,1,5,2020-03-14 07:43:05,drizzle,7.0,0.0,1,0,0,0,7
116,29,1,5,2020-03-14 07:53:13,drizzle,6.0,0.25,1,0,0,0,7
116,29,1,5,2020-03-14 08:03:23,drizzle,6.0,0.25,1,0,0,0,8
116,29,1,5,2020-03-14 08:13:32,drizzle,6.0,0.25,1,0,0,0,8
116,29,1,5,2020-03-14 08:23:41,rainfall,6.0,0.25,1,0,0,0,8
116,29,1,5,2020-03-14 08:33:50,rainfall,6.0,0.25,1,0,0,0,8
116,29,1,5,2020-03-14 08:43:59,rainfall,6.0,0.25,1,0,0,0,8
116,29,1,5,2020-03-14 08:54:08,clouds,6.0,0.0,1,0,0,0,8
116,29,1,5,2020-03-14 09:04:17,clouds,6.0,0.0,1,0,0,0,9
116,29,1,5,2020-03-14 09:14:27,clouds,6.0,0.0,1,0,0,0,9
116,29,1,5,2020-03-14 09:24:37,clouds,7.0,0.0,1,0,0,0,9
116,29,1,5,2020-03-14 09:34:45,clouds,7.0,0.0,1,0,0,0,9
116,29,1,5,2020-03-14 09:44:54,clouds,7.0,0.0,1,0,0,0,9
116,29,1,5,2020-03-14 09:55:03,clouds,7.0,0.0,1,0,0,0,9
116,29,1,5,2020-03-14 10:05:12,clouds,7.0,0.0,1,0,0,0,10
116,29,1,5,2020-03-14 10:15:21,clouds,8.0,0.0,1,0,0,0,10
116,29,1,5,2020-03-14 10:25:30,clouds,8.0,0.0,1,0,0,0,10
116,29,1,5,2020-03-14 10:35:39,clouds,8.0,0.0,1,0,0,0,10
116,29,1,5,2020-03-14 10:45:47,clouds,8.0,0.0,1,0,0,0,10
116,29,1,5,2020-03-14 10:55:57,clouds,8.0,0.0,1,0,0,0,10
116,29,1,5,2020-03-14 11:06:06,clouds,8.0,0.0,1,0,0,0,11
116,29,1,5,2020-03-14 11:16:14,clouds,8.0,0.0,1,0,0,0,11
116,29,1,5,2020-03-14 11:26:23,clouds,8.0,0.0,1,0,0,0,11
116,29,1,5,2020-03-14 11:36:32,clouds,8.0,0.0,1,0,0,0,11
116,29,1,5,2020-03-14 11:46:41,clouds,8.0,0.0,1,0,0,0,11
116,29,1,5,2020-03-14 11:56:50,clouds,8.0,0.0,1,0,0,0,11
116,30,0,5,2020-03-14 12:02:23,clouds,8.0,0.0,0,1,0,0,12
116,30,0,5,2020-03-14 12:12:32,clouds,8.0,0.0,0,1,0,0,12
116,30,0,5,2020-03-14 12:22:41,rainfall,8.0,0.25,0,1,0,0,12
116,30,0,5,2020-03-14 12:32:51,rainfall,8.0,0.25,0,1,0,0,12
116,30,0,5,2020-03-14 12:43:00,rainfall,8.0,0.64,0,1,0,0,12
116,30,0,5,2020-03-14 12:53:09,rainfall,8.0,0.64,0,1,0,0,12
116,30,0,5,2020-03-14 13:03:18,rainfall,8.0,0.64,0,1,0,0,13
116,30,0,5,2020-03-14 13:13:27,rainfall,8.0,0.89,0,1,0,0,13
116,30,0,5,2020-03-14 13:23:36,rainfall,8.0,0.89,0,1,0,0,13
116,30,0,5,2020-03-14 13:33:45,rainfall,8.0,0.89,0,1,0,0,13
116,30,0,5,2020-03-14 13:43:54,rainfall,8.0,0.89,0,1,0,0,13
116,30,0,5,2020-03-14 13:54:02,rainfall,9.0,0.38,0,1,0,0,13
116,30,0,5,2020-03-14 14:04:11,rainfall,9.0,0.38,0,1,0,0,14
116,30,0,5,2020-03-14 14:14:20,rainfall,10.0,0.25,0,1,0,0,14
116,30,0,5,2020-03-14 14:24:29,rainfall,10.0,0.25,0,1,0,0,14
116,30,0,5,2020-03-14 14:34:39,rainfall,10.0,0.25,0,1,0,0,14
116,30,0,5,2020-03-14 14:44:47,clouds,10.0,0.0,0,1,0,0,14
116,30,0,5,2020-03-14 14:54:56,clouds,10.0,0.0,0,1,0,0,14
116,30,0,5,2020-03-14 15:05:05,clouds,10.0,0.0,0,1,0,0,15
116,30,0,5,2020-03-14 15:15:15,clouds,11.0,0.0,0,1,0,0,15
116,30,0,5,2020-03-14 15:25:24,clouds,11.0,0.0,0,1,0,0,15
116,30,0,5,2020-03-14 15:35:33,clouds,11.0,0.0,0,1,0,0,15
116,30,0,5,2020-03-14 15:45:42,clouds,11.0,0.0,0,1,0,0,15
116,30,0,5,2020-03-14 15:55:50,clouds,11.0,0.0,0,1,0,0,15
116,30,0,5,2020-03-14 16:05:59,clouds,11.0,0.0,0,1,0,0,16
116,30,0,5,2020-03-14 16:16:08,clouds,11.0,0.0,0,1,0,0,16
116,29,1,5,2020-03-14 16:25:01,clouds,11.0,0.0,0,1,0,0,16
116,29,1,5,2020-03-14 16:35:10,clouds,11.0,0.0,0,1,0,0,16
116,29,1,5,2020-03-14 16:45:19,clouds,11.0,0.0,0,1,0,0,16
116,29,1,5,2020-03-14 16:55:28,clouds,11.0,0.0,0,1,0,0,16
116,29,1,5,2020-03-14 17:05:37,clouds,11.0,0.0,0,0,1,0,17
116,29,1,5,2020-03-14 17:15:46,clouds,11.0,0.0,0,0,1,0,17
116,29,1,5,2020-03-14 17:25:55,clouds,11.0,0.0,0,0,1,0,17
116,29,1,5,2020-03-14 17:36:03,clouds,11.0,0.0,0,0,1,0,17
116,29,1,5,2020-03-14 17:46:12,rainfall,10.0,0.0,0,0,1,0,17
116,29,1,5,2020-03-14 17:56:21,rainfall,10.0,0.0,0,0,1,0,17
116,29,1,5,2020-03-14 18:06:29,rainfall,10.0,0.0,0,0,1,0,18
116,28,2,5,2020-03-14 18:11:27,rainfall,10.0,0.0,0,0,1,0,18
116,27,3,5,2020-03-14 18:19:55,rainfall,10.0,0.25,0,0,1,0,18
116,27,3,5,2020-03-14 18:30:04,rainfall,10.0,0.25,0,0,1,0,18
116,27,3,5,2020-03-14 18:40:13,rainfall,10.0,0.25,0,0,1,0,18
116,27,3,5,2020-03-14 18:50:22,rainfall,10.0,0.25,0,0,1,0,18
116,27,3,5,2020-03-14 19:00:32,rainfall,10.0,0.25,0,0,1,0,19
116,27,3,5,2020-03-14 19:10:40,rainfall,10.0,0.25,0,0,1,0,19
116,27,3,5,2020-03-14 19:20:49,rainfall,10.0,0.25,0,0,1,0,19
116,27,3,5,2020-03-14 19:30:58,rainfall,10.0,0.25,0,0,1,0,19
116,27,3,5,2020-03-14 19:41:07,rainfall,10.0,0.38,0,0,1,0,19
116,27,3,5,2020-03-14 19:51:16,rainfall,10.0,0.38,0,0,1,0,19
116,27,3,5,2020-03-14 20:01:25,rainfall,10.0,0.38,0,0,0,1,20
116,27,3,5,2020-03-14 20:11:35,rainfall,10.0,0.38,0,0,0,1,20
116,27,3,5,2020-03-14 20:21:44,rainfall,10.0,0.38,0,0,0,1,20
116,27,3,5,2020-03-14 20:31:53,rainfall,10.0,0.38,0,0,0,1,20
116,27,3,5,2020-03-14 20:42:03,clouds,10.0,0.0,0,0,0,1,20
116,27,3,5,2020-03-14 20:52:13,clouds,10.0,0.0,0,0,0,1,20
116,27,3,5,2020-03-14 21:02:22,clouds,10.0,0.0,0,0,0,1,21
116,27,3,5,2020-03-14 21:12:31,clouds,10.0,0.0,0,0,0,1,21
116,27,3,5,2020-03-14 21:22:41,clouds,9.0,0.0,0,0,0,1,21
116,27,3,5,2020-03-14 21:32:50,clouds,9.0,0.0,0,0,0,1,21
116,27,3,5,2020-03-14 21:42:59,clouds,9.0,0.0,0,0,0,1,21
116,27,3,5,2020-03-14 21:53:07,drizzle,9.0,0.0,0,0,0,1,21
116,27,3,5,2020-03-14 22:03:24,drizzle,9.0,0.0,0,0,0,1,22
116,27,3,5,2020-03-14 22:13:33,clouds,8.0,0.0,0,0,0,1,22
116,27,3,5,2020-03-14 22:23:42,clouds,8.0,0.0,0,0,0,1,22
116,27,3,5,2020-03-14 22:33:51,clouds,8.0,0.0,0,0,0,1,22
116,27,3,5,2020-03-14 22:44:00,clouds,8.0,0.0,0,0,0,1,22
116,27,3,5,2020-03-14 22:54:09,clouds,8.0,0.0,0,0,0,1,22
116,27,3,5,2020-03-14 23:04:18,clouds,8.0,0.0,0,0,0,1,23
116,27,3,5,2020-03-14 23:14:26,clouds,8.0,0.0,0,0,0,1,23
116,27,3,5,2020-03-14 23:24:35,clouds,8.0,0.0,0,0,0,1,23
116,27,3,5,2020-03-14 23:34:44,clouds,8.0,0.0,0,0,0,1,23
116,27,3,5,2020-03-14 23:44:53,clouds,8.0,0.0,0,0,0,1,23
116,27,3,5,2020-03-14 23:55:02,clouds,8.0,0.0,0,0,0,1,23
116,27,3,6,2020-03-15 00:05:11,clouds,7.0,0.0,0,0,0,0,0
116,27,3,6,2020-03-15 00:15:20,clouds,7.0,0.0,0,0,0,0,0
116,27,3,6,2020-03-15 00:25:30,clouds,7.0,0.0,0,0,0,0,0
116,27,3,6,2020-03-15 00:32:14,clouds,7.0,0.0,0,0,0,0,0
116,27,3,6,2020-03-15 00:42:23,clouds,7.0,0.0,0,0,0,0,0
116,27,3,6,2020-03-15 00:52:32,clouds,7.0,0.0,0,0,0,0,0
116,27,3,6,2020-03-15 05:00:45,clouds,6.0,0.0,1,0,0,0,5
116,27,3,6,2020-03-15 05:10:54,clouds,6.0,0.0,1,0,0,0,5
116,27,3,6,2020-03-15 05:21:03,clouds,6.0,0.0,1,0,0,0,5
116,27,3,6,2020-03-15 05:31:12,clouds,6.0,0.0,1,0,0,0,5
116,27,3,6,2020-03-15 05:41:21,clouds,6.0,0.0,1,0,0,0,5
116,27,3,6,2020-03-15 05:51:30,clouds,6.0,0.0,1,0,0,0,5
116,27,3,6,2020-03-15 06:01:39,clouds,6.0,0.0,1,0,0,0,6
116,27,3,6,2020-03-15 06:11:47,clouds,5.0,0.0,1,0,0,0,6
116,27,3,6,2020-03-15 06:21:56,clouds,5.0,0.0,1,0,0,0,6
116,27,3,6,2020-03-15 06:32:04,clouds,5.0,0.0,1,0,0,0,6
116,27,3,6,2020-03-15 06:42:12,clouds,5.0,0.0,1,0,0,0,6
116,27,3,6,2020-03-15 06:52:20,clouds,5.0,0.0,1,0,0,0,6
116,27,3,6,2020-03-15 07:02:29,clouds,5.0,0.0,1,0,0,0,7
116,27,3,6,2020-03-15 07:12:38,clouds,5.0,0.0,1,0,0,0,7
116,27,3,6,2020-03-15 07:22:47,clouds,5.0,0.0,1,0,0,0,7
116,27,3,6,2020-03-15 07:32:56,clouds,5.0,0.0,1,0,0,0,7
116,27,3,6,2020-03-15 07:43:04,clouds,5.0,0.0,1,0,0,0,7
116,27,3,6,2020-03-15 07:53:13,clouds,5.0,0.0,1,0,0,0,7
116,27,3,6,2020-03-15 08:03:22,clouds,5.0,0.0,1,0,0,0,8
116,27,3,6,2020-03-15 08:13:31,clouds,5.0,0.0,1,0,0,0,8
116,27,3,6,2020-03-15 08:23:39,clouds,5.0,0.0,1,0,0,0,8
116,27,3,6,2020-03-15 08:33:48,clouds,5.0,0.0,1,0,0,0,8
116,27,3,6,2020-03-15 08:43:57,clouds,5.0,0.0,1,0,0,0,8
116,27,3,6,2020-03-15 08:54:11,clouds,5.0,0.0,1,0,0,0,8
116,28,2,6,2020-03-15 09:04:20,clouds,5.0,0.0,1,0,0,0,9
116,28,2,6,2020-03-15 09:14:29,clouds,5.0,0.0,1,0,0,0,9
116,28,2,6,2020-03-15 09:24:38,clouds,6.0,0.0,1,0,0,0,9
116,28,2,6,2020-03-15 09:34:46,clouds,6.0,0.0,1,0,0,0,9
116,28,2,6,2020-03-15 09:44:54,clouds,6.0,0.0,1,0,0,0,9
116,28,2,6,2020-03-15 09:55:03,clouds,6.0,0.0,1,0,0,0,9
116,27,3,6,2020-03-15 10:07:26,clouds,6.0,0.0,1,0,0,0,10
116,27,3,6,2020-03-15 10:17:35,clouds,6.0,0.0,1,0,0,0,10
116,27,3,6,2020-03-15 10:27:44,clouds,6.0,0.0,1,0,0,0,10
116,27,3,6,2020-03-15 10:37:53,clouds,6.0,0.0,1,0,0,0,10
116,27,3,6,2020-03-15 10:48:01,clouds,7.0,0.0,1,0,0,0,10
116,27,3,6,2020-03-15 10:58:10,clouds,7.0,0.0,1,0,0,0,10
116,27,3,6,2020-03-15 11:08:19,clouds,7.0,0.0,1,0,0,0,11
116,27,3,6,2020-03-15 11:18:27,clouds,8.0,0.0,1,0,0,0,11
116,27,3,6,2020-03-15 11:26:45,clouds,8.0,0.0,1,0,0,0,11
116,28,2,6,2020-03-15 11:36:53,clouds,8.0,0.0,1,0,0,0,11
116,28,2,6,2020-03-15 11:47:02,rainfall,8.0,0.0,1,0,0,0,11
116,28,2,6,2020-03-15 11:57:12,rainfall,8.0,0.0,1,0,0,0,11
116,28,2,6,2020-03-15 12:07:20,rainfall,8.0,0.0,0,1,0,0,12
116,28,2,6,2020-03-15 12:17:28,clouds,8.0,0.0,0,1,0,0,12
116,28,2,6,2020-03-15 12:27:37,clouds,8.0,0.0,0,1,0,0,12
116,28,2,6,2020-03-15 12:37:47,clouds,8.0,0.0,0,1,0,0,12
116,28,2,6,2020-03-15 12:47:57,clouds,8.0,0.0,0,1,0,0,12
116,28,2,6,2020-03-15 12:58:05,clouds,8.0,0.0,0,1,0,0,12
116,28,2,6,2020-03-15 13:08:13,clouds,8.0,0.0,0,1,0,0,13
116,28,2,6,2020-03-15 13:18:21,clouds,7.0,0.0,0,1,0,0,13
116,28,2,6,2020-03-15 13:28:30,clouds,7.0,0.0,0,1,0,0,13
116,28,2,6,2020-03-15 13:38:39,clouds,8.0,0.0,0,1,0,0,13
116,28,2,6,2020-03-15 13:48:47,clouds,8.0,0.0,0,1,0,0,13
116,28,2,6,2020-03-15 13:58:56,clouds,8.0,0.0,0,1,0,0,13
116,26,4,6,2020-03-15 14:02:11,clouds,8.0,0.0,0,1,0,0,14
116,25,5,6,2020-03-15 14:08:48,clouds,8.0,0.0,0,1,0,0,14
116,25,5,6,2020-03-15 14:18:57,clouds,9.0,0.0,0,1,0,0,14
116,25,5,6,2020-03-15 14:29:05,clouds,9.0,0.0,0,1,0,0,14
116,25,5,6,2020-03-15 14:38:33,clouds,9.0,0.0,0,1,0,0,14
116,26,4,6,2020-03-15 14:48:42,rainfall,8.0,0.25,0,1,0,0,14
116,26,4,6,2020-03-15 14:58:51,rainfall,8.0,0.25,0,1,0,0,14
116,26,4,6,2020-03-15 15:09:00,rainfall,8.0,0.25,0,1,0,0,15
116,26,4,6,2020-03-15 15:19:09,rainfall,8.0,0.25,0,1,0,0,15
116,26,4,6,2020-03-15 15:29:18,rainfall,8.0,0.25,0,1,0,0,15
116,26,4,6,2020-03-15 15:39:27,rainfall,8.0,0.25,0,1,0,0,15
116,25,5,6,2020-03-15 15:41:50,rainfall,8.0,0.25,0,1,0,0,15
116,26,4,6,2020-03-15 15:51:58,rainfall,8.0,0.25,0,1,0,0,15
116,26,4,6,2020-03-15 16:02:06,rainfall,8.0,0.25,0,1,0,0,16
116,26,4,6,2020-03-15 16:12:16,rainfall,8.0,0.25,0,1,0,0,16
116,26,4,6,2020-03-15 16:22:24,rainfall,8.0,0.25,0,1,0,0,16
116,26,4,6,2020-03-15 16:32:33,rainfall,8.0,0.25,0,1,0,0,16
116,26,4,6,2020-03-15 16:42:41,rainfall,8.0,0.25,0,1,0,0,16
116,25,5,6,2020-03-15 16:47:26,rainfall,8.0,0.25,0,1,0,0,16
116,25,5,6,2020-03-15 16:57:35,rainfall,8.0,0.25,0,1,0,0,16
116,26,4,6,2020-03-15 17:08:58,rainfall,8.0,0.25,0,0,1,0,17
116,26,4,6,2020-03-15 17:19:07,rainfall,8.0,0.25,0,0,1,0,17
116,26,4,6,2020-03-15 17:29:16,rainfall,8.0,0.25,0,0,1,0,17
116,26,4,6,2020-03-15 17:39:25,rainfall,8.0,0.25,0,0,1,0,17
116,25,5,6,2020-03-15 17:44:20,rainfall,8.0,0.25,0,0,1,0,17
116,25,5,6,2020-03-15 17:54:30,rainfall,8.0,0.25,0,0,1,0,17
116,25,5,6,2020-03-15 18:04:38,rainfall,8.0,0.25,0,0,1,0,18
116,25,5,6,2020-03-15 18:14:47,rainfall,8.0,0.25,0,0,1,0,18
116,25,5,6,2020-03-15 18:24:57,rainfall,8.0,0.25,0,0,1,0,18
116,25,5,6,2020-03-15 18:35:05,rainfall,8.0,0.25,0,0,1,0,18
116,25,5,6,2020-03-15 18:45:14,rainfall,8.0,0.25,0,0,1,0,18
116,25,5,6,2020-03-15 18:55:22,rainfall,8.0,0.25,0,0,1,0,18
116,25,5,6,2020-03-15 19:05:30,rainfall,8.0,0.25,0,0,1,0,19
116,25,5,6,2020-03-15 19:15:38,rainfall,8.0,0.25,0,0,1,0,19
116,25,5,6,2020-03-15 19:22:23,rainfall,8.0,0.25,0,0,1,0,19
116,26,4,6,2020-03-15 19:32:32,rainfall,8.0,0.25,0,0,1,0,19
116,26,4,6,2020-03-15 19:42:41,rainfall,8.0,0.25,0,0,1,0,19
116,26,4,6,2020-03-15 19:52:50,rainfall,8.0,0.25,0,0,1,0,19
116,26,4,6,2020-03-15 20:02:58,rainfall,8.0,0.25,0,0,0,1,20
116,26,4,6,2020-03-15 20:13:07,clouds,2.0,0.0,0,0,0,1,20
116,26,4,6,2020-03-15 20:23:16,clouds,2.0,0.0,0,0,0,1,20
116,26,4,6,2020-03-15 20:33:25,clouds,2.0,0.0,0,0,0,1,20
116,26,4,6,2020-03-15 20:43:35,clouds,2.0,0.0,0,0,0,1,20
116,26,4,6,2020-03-15 20:53:44,clouds,2.0,0.0,0,0,0,1,20
116,26,4,6,2020-03-15 21:03:53,clouds,2.0,0.0,0,0,0,1,21
116,26,4,6,2020-03-15 21:14:02,clouds,2.0,0.0,0,0,0,1,21
116,26,4,6,2020-03-15 21:24:11,clouds,2.0,0.0,0,0,0,1,21
116,26,4,6,2020-03-15 21:34:19,clouds,2.0,0.0,0,0,0,1,21
116,26,4,6,2020-03-15 21:44:29,clouds,2.0,0.0,0,0,0,1,21
116,26,4,6,2020-03-15 21:54:37,clouds,2.0,0.0,0,0,0,1,21
116,26,4,6,2020-03-15 22:04:45,clouds,2.0,0.0,0,0,0,1,22
116,26,4,6,2020-03-15 22:14:53,clouds,2.0,0.0,0,0,0,1,22
116,26,4,6,2020-03-15 22:25:02,clouds,2.0,0.0,0,0,0,1,22
116,26,4,6,2020-03-15 22:35:11,clouds,2.0,0.0,0,0,0,1,22
116,26,4,6,2020-03-15 22:45:20,clouds,2.0,0.0,0,0,0,1,22
116,26,4,6,2020-03-15 22:55:28,clouds,2.0,0.0,0,0,0,1,22
116,26,4,6,2020-03-15 23:05:36,clouds,2.0,0.0,0,0,0,1,23
116,26,4,6,2020-03-15 23:15:45,clouds,2.0,0.0,0,0,0,1,23
116,26,4,6,2020-03-15 23:25:53,clouds,2.0,0.0,0,0,0,1,23
116,26,4,6,2020-03-15 23:36:02,clouds,2.0,0.0,0,0,0,1,23
116,26,4,6,2020-03-15 23:46:11,clouds,2.0,0.0,0,0,0,1,23
116,26,4,6,2020-03-15 23:56:20,clouds,2.0,0.0,0,0,0,1,23
116,18,12,5,2020-03-21 00:01:45,clouds,5.0,0.0,0,0,0,0,0
116,18,12,5,2020-03-21 00:11:53,clouds,5.0,0.0,0,0,0,0,0
116,18,12,5,2020-03-21 00:22:01,clouds,5.0,0.0,0,0,0,0,0
116,18,12,5,2020-03-21 00:32:29,clouds,5.0,0.0,0,0,0,0,0
116,18,12,5,2020-03-21 00:42:39,clouds,4.0,0.0,0,0,0,0,0
116,18,12,5,2020-03-21 00:52:47,clouds,4.0,0.0,0,0,0,0,0
116,18,12,5,2020-03-21 05:00:45,clouds,4.0,0.0,1,0,0,0,5
116,18,12,5,2020-03-21 05:10:54,clouds,4.0,0.0,1,0,0,0,5
116,18,12,5,2020-03-21 05:21:03,clouds,4.0,0.0,1,0,0,0,5
116,18,12,5,2020-03-21 05:31:12,clouds,4.0,0.0,1,0,0,0,5
116,18,12,5,2020-03-21 05:41:22,clouds,4.0,0.0,1,0,0,0,5
116,18,12,5,2020-03-21 05:51:32,clouds,4.0,0.0,1,0,0,0,5
116,18,12,5,2020-03-21 05:56:18,clouds,4.0,0.0,1,0,0,0,5
116,19,11,5,2020-03-21 06:06:27,clouds,4.0,0.0,1,0,0,0,6
116,19,11,5,2020-03-21 06:16:36,clouds,4.0,0.0,1,0,0,0,6
116,19,11,5,2020-03-21 06:26:45,clouds,4.0,0.0,1,0,0,0,6
116,19,11,5,2020-03-21 06:36:54,clouds,4.0,0.0,1,0,0,0,6
116,19,11,5,2020-03-21 06:47:04,clouds,4.0,0.0,1,0,0,0,6
116,19,11,5,2020-03-21 06:57:13,clouds,4.0,0.0,1,0,0,0,6
116,19,11,5,2020-03-21 07:07:22,clouds,4.0,0.0,1,0,0,0,7
116,19,11,5,2020-03-21 07:17:31,clouds,4.0,0.0,1,0,0,0,7
116,19,11,5,2020-03-21 07:27:41,clouds,4.0,0.0,1,0,0,0,7
116,19,11,5,2020-03-21 07:37:50,clouds,4.0,0.0,1,0,0,0,7
116,19,11,5,2020-03-21 07:47:59,clouds,4.0,0.0,1,0,0,0,7
116,19,11,5,2020-03-21 07:58:08,clouds,4.0,0.0,1,0,0,0,7
116,19,11,5,2020-03-21 08:08:17,clouds,4.0,0.0,1,0,0,0,8
116,19,11,5,2020-03-21 08:18:25,clouds,5.0,0.0,1,0,0,0,8
116,19,11,5,2020-03-21 08:28:33,clouds,5.0,0.0,1,0,0,0,8
116,19,11,5,2020-03-21 08:38:42,clouds,5.0,0.0,1,0,0,0,8
116,19,11,5,2020-03-21 08:48:50,clouds,5.0,0.0,1,0,0,0,8
116,19,11,5,2020-03-21 08:59:00,clouds,5.0,0.0,1,0,0,0,8
116,19,11,5,2020-03-21 09:09:09,clouds,5.0,0.0,1,0,0,0,9
116,19,11,5,2020-03-21 09:19:18,clouds,5.0,0.0,1,0,0,0,9
116,19,11,5,2020-03-21 09:29:27,clouds,5.0,0.0,1,0,0,0,9
116,19,11,5,2020-03-21 09:39:36,clouds,5.0,0.0,1,0,0,0,9
116,19,11,5,2020-03-21 09:49:45,clouds,5.0,0.0,1,0,0,0,9
116,18,12,5,2020-03-21 09:57:25,clouds,5.0,0.0,1,0,0,0,9
116,18,12,5,2020-03-21 10:07:34,clouds,5.0,0.0,1,0,0,0,10
116,18,12,5,2020-03-21 10:13:42,clouds,5.0,0.0,1,0,0,0,10
116,19,11,5,2020-03-21 10:23:51,clouds,5.0,0.0,1,0,0,0,10
116,19,11,5,2020-03-21 10:34:00,clouds,5.0,0.0,1,0,0,0,10
116,20,10,5,2020-03-21 10:36:20,clouds,5.0,0.0,1,0,0,0,10
116,20,10,5,2020-03-21 10:47:03,clouds,5.0,0.0,1,0,0,0,10
116,19,11,5,2020-03-21 10:54:24,clouds,5.0,0.0,1,0,0,0,10
116,19,11,5,2020-03-21 11:04:33,clouds,5.0,0.0,1,0,0,0,11
116,19,11,5,2020-03-21 11:14:43,clouds,5.0,0.0,1,0,0,0,11
116,19,11,5,2020-03-21 11:24:52,clouds,5.0,0.0,1,0,0,0,11
116,19,11,5,2020-03-21 11:35:01,clouds,5.0,0.0,1,0,0,0,11
116,19,11,5,2020-03-21 11:45:09,clouds,5.0,0.0,1,0,0,0,11
116,19,11,5,2020-03-21 11:55:19,clouds,5.0,0.0,1,0,0,0,11
116,19,11,5,2020-03-21 12:05:28,clouds,5.0,0.0,0,1,0,0,12
116,19,11,5,2020-03-21 12:15:37,clouds,5.0,0.0,0,1,0,0,12
116,19,11,5,2020-03-21 12:25:47,clouds,5.0,0.0,0,1,0,0,12
116,19,11,5,2020-03-21 12:35:56,clouds,5.0,0.0,0,1,0,0,12
116,19,11,5,2020-03-21 12:46:05,clouds,5.0,0.0,0,1,0,0,12
116,19,11,5,2020-03-21 12:56:15,clouds,5.0,0.0,0,1,0,0,12
116,19,11,5,2020-03-21 13:06:23,clouds,5.0,0.0,0,1,0,0,13
116,19,11,5,2020-03-21 13:16:32,clouds,6.0,0.0,0,1,0,0,13
116,19,11,5,2020-03-21 13:26:41,clouds,6.0,0.0,0,1,0,0,13
116,19,11,5,2020-03-21 13:36:49,clouds,6.0,0.0,0,1,0,0,13
116,19,11,5,2020-03-21 13:46:58,clouds,6.0,0.0,0,1,0,0,13
116,19,11,5,2020-03-21 13:57:07,clouds,6.0,0.0,0,1,0,0,13
116,19,11,5,2020-03-21 14:07:16,clouds,6.0,0.0,0,1,0,0,14
116,19,11,5,2020-03-21 14:17:25,clouds,7.0,0.0,0,1,0,0,14
116,19,11,5,2020-03-21 14:27:35,clouds,7.0,0.0,0,1,0,0,14
116,19,11,5,2020-03-21 14:37:44,clouds,7.0,0.0,0,1,0,0,14
116,19,11,5,2020-03-21 14:47:53,clouds,7.0,0.0,0,1,0,0,14
116,19,11,5,2020-03-21 14:58:02,clouds,7.0,0.0,0,1,0,0,14
116,19,11,5,2020-03-21 15:08:10,clouds,7.0,0.0,0,1,0,0,15
116,19,11,5,2020-03-21 15:18:18,clouds,7.0,0.0,0,1,0,0,15
116,19,11,5,2020-03-21 15:28:27,clouds,7.0,0.0,0,1,0,0,15
116,19,11,5,2020-03-21 15:38:36,clouds,7.0,0.0,0,1,0,0,15
116,19,11,5,2020-03-21 15:48:45,clouds,7.0,0.0,0,1,0,0,15
116,19,11,5,2020-03-21 15:58:53,clouds,7.0,0.0,0,1,0,0,15
116,19,11,5,2020-03-21 16:09:02,clouds,7.0,0.0,0,1,0,0,16
116,19,11,5,2020-03-21 16:19:11,clouds,7.0,0.0,0,1,0,0,16
116,19,11,5,2020-03-21 16:29:27,clouds,7.0,0.0,0,1,0,0,16
116,19,11,5,2020-03-21 16:39:36,clouds,7.0,0.0,0,1,0,0,16
116,19,11,5,2020-03-21 16:49:45,clouds,7.0,0.0,0,1,0,0,16
116,19,11,5,2020-03-21 16:59:54,clouds,7.0,0.0,0,0,0,0,16
116,19,11,5,2020-03-21 17:10:03,clouds,7.0,0.0,0,0,1,0,17
116,19,11,5,2020-03-21 17:20:12,clouds,7.0,0.0,0,0,1,0,17
116,19,11,5,2020-03-21 17:30:21,clouds,7.0,0.0,0,0,1,0,17
116,19,11,5,2020-03-21 17:40:30,clouds,7.0,0.0,0,0,1,0,17
116,19,11,5,2020-03-21 17:50:39,clouds,7.0,0.0,0,0,1,0,17
116,19,11,5,2020-03-21 18:00:49,clouds,7.0,0.0,0,0,1,0,18
116,19,11,5,2020-03-21 18:10:58,clouds,7.0,0.0,0,0,1,0,18
116,20,10,5,2020-03-21 18:22:41,clouds,7.0,0.0,0,0,1,0,18
116,20,10,5,2020-03-21 18:32:49,clouds,7.0,0.0,0,0,1,0,18
116,20,10,5,2020-03-21 18:42:59,clouds,7.0,0.0,0,0,1,0,18
116,20,10,5,2020-03-21 18:53:07,clouds,7.0,0.0,0,0,1,0,18
116,20,10,5,2020-03-21 19:03:16,clouds,7.0,0.0,0,0,1,0,19
116,20,10,5,2020-03-21 19:13:25,clouds,7.0,0.0,0,0,1,0,19
116,20,10,5,2020-03-21 19:23:34,clouds,7.0,0.0,0,0,1,0,19
116,20,10,5,2020-03-21 19:33:45,clouds,7.0,0.0,0,0,1,0,19
116,20,10,5,2020-03-21 19:43:54,clouds,7.0,0.0,0,0,1,0,19
116,20,10,5,2020-03-21 19:54:03,clouds,7.0,0.0,0,0,1,0,19
116,20,10,5,2020-03-21 20:04:12,clouds,7.0,0.0,0,0,0,1,20
116,20,10,5,2020-03-21 20:14:21,clouds,7.0,0.0,0,0,0,1,20
116,20,10,5,2020-03-21 20:24:30,clouds,7.0,0.0,0,0,0,1,20
116,20,10,5,2020-03-21 20:34:39,clouds,7.0,0.0,0,0,0,1,20
116,20,10,5,2020-03-21 20:44:47,clouds,7.0,0.0,0,0,0,1,20
116,20,10,5,2020-03-21 20:54:56,clouds,7.0,0.0,0,0,0,1,20
116,20,10,5,2020-03-21 21:05:05,clouds,7.0,0.0,0,0,0,1,21
116,20,10,5,2020-03-21 21:15:14,clouds,7.0,0.0,0,0,0,1,21
116,20,10,5,2020-03-21 21:25:24,clouds,7.0,0.0,0,0,0,1,21
116,20,10,5,2020-03-21 21:35:33,clouds,7.0,0.0,0,0,0,1,21
116,20,10,5,2020-03-21 21:45:42,clouds,7.0,0.0,0,0,0,1,21
116,20,10,5,2020-03-21 21:55:50,clouds,7.0,0.0,0,0,0,1,21
116,20,10,5,2020-03-21 22:05:58,clouds,7.0,0.0,0,0,0,1,22
116,20,10,5,2020-03-21 22:16:07,clouds,6.0,0.0,0,0,0,1,22
116,20,10,5,2020-03-21 22:26:17,clouds,6.0,0.0,0,0,0,1,22
116,20,10,5,2020-03-21 22:36:25,clouds,6.0,0.0,0,0,0,1,22
116,20,10,5,2020-03-21 22:46:34,clouds,6.0,0.0,0,0,0,1,22
116,20,10,5,2020-03-21 22:56:43,clouds,6.0,0.0,0,0,0,1,22
116,20,10,5,2020-03-21 23:06:51,clouds,6.0,0.0,0,0,0,1,23
116,20,10,5,2020-03-21 23:17:00,clouds,6.0,0.0,0,0,0,1,23
116,20,10,5,2020-03-21 23:27:09,clouds,6.0,0.0,0,0,0,1,23
116,20,10,5,2020-03-21 23:37:18,clouds,6.0,0.0,0,0,0,1,23
116,20,10,5,2020-03-21 23:47:27,clouds,6.0,0.0,0,0,0,1,23
116,20,10,5,2020-03-21 23:57:36,clouds,6.0,0.0,0,0,0,1,23
116,20,10,6,2020-03-22 00:07:44,clouds,6.0,0.0,0,0,0,0,0
116,20,10,6,2020-03-22 00:17:53,clouds,6.0,0.0,0,0,0,0,0
116,20,10,6,2020-03-22 00:28:01,clouds,6.0,0.0,0,0,0,0,0
116,20,10,6,2020-03-22 00:32:21,clouds,6.0,0.0,0,0,0,0,0
116,20,10,6,2020-03-22 00:42:30,clouds,6.0,0.0,0,0,0,0,0
116,20,10,6,2020-03-22 00:52:40,clouds,6.0,0.0,0,0,0,0,0
116,20,10,6,2020-03-22 05:00:46,clouds,3.0,0.0,1,0,0,0,5
116,20,10,6,2020-03-22 05:10:54,clouds,2.0,0.0,1,0,0,0,5
116,20,10,6,2020-03-22 05:21:05,clouds,2.0,0.0,1,0,0,0,5
116,20,10,6,2020-03-22 05:31:14,clouds,2.0,0.0,1,0,0,0,5
116,20,10,6,2020-03-22 05:41:23,clouds,2.0,0.0,1,0,0,0,5
116,20,10,6,2020-03-22 05:51:32,clouds,2.0,0.0,1,0,0,0,5
116,20,10,6,2020-03-22 06:01:41,clouds,2.0,0.0,1,0,0,0,6
116,20,10,6,2020-03-22 06:11:49,clouds,2.0,0.0,1,0,0,0,6
116,20,10,6,2020-03-22 06:21:59,clouds,1.0,0.0,1,0,0,0,6
116,20,10,6,2020-03-22 06:32:08,clouds,1.0,0.0,1,0,0,0,6
116,20,10,6,2020-03-22 06:42:17,clouds,1.0,0.0,1,0,0,0,6
116,20,10,6,2020-03-22 06:52:26,clouds,1.0,0.0,1,0,0,0,6
116,20,10,6,2020-03-22 07:02:34,clouds,1.0,0.0,1,0,0,0,7
116,20,10,6,2020-03-22 07:12:43,clouds,1.0,0.0,1,0,0,0,7
116,20,10,6,2020-03-22 07:22:53,clouds,1.0,0.0,1,0,0,0,7
116,20,10,6,2020-03-22 07:33:01,clouds,1.0,0.0,1,0,0,0,7
116,20,10,6,2020-03-22 07:43:09,clouds,1.0,0.0,1,0,0,0,7
116,20,10,6,2020-03-22 07:53:18,clouds,1.0,0.0,1,0,0,0,7
116,20,10,6,2020-03-22 08:03:26,clouds,1.0,0.0,1,0,0,0,8
116,20,10,6,2020-03-22 08:13:35,clouds,1.0,0.0,1,0,0,0,8
116,21,9,6,2020-03-22 08:15:21,clouds,1.0,0.0,1,0,0,0,8
116,21,9,6,2020-03-22 08:25:30,clouds,1.0,0.0,1,0,0,0,8
116,21,9,6,2020-03-22 08:35:39,clouds,1.0,0.0,1,0,0,0,8
116,21,9,6,2020-03-22 08:45:48,clouds,6.0,0.0,1,0,0,0,8
116,21,9,6,2020-03-22 08:55:58,clouds,6.0,0.0,1,0,0,0,8
116,21,9,6,2020-03-22 09:06:07,clouds,6.0,0.0,1,0,0,0,9
116,21,9,6,2020-03-22 09:16:24,clouds,6.0,0.0,1,0,0,0,9
116,21,9,6,2020-03-22 09:26:33,clouds,6.0,0.0,1,0,0,0,9
116,21,9,6,2020-03-22 09:30:44,clouds,6.0,0.0,1,0,0,0,9
116,22,8,6,2020-03-22 09:40:53,clouds,6.0,0.0,1,0,0,0,9
116,21,9,6,2020-03-22 09:45:57,clouds,6.0,0.0,1,0,0,0,9
116,21,9,6,2020-03-22 09:56:06,clouds,6.0,0.0,1,0,0,0,9
116,21,9,6,2020-03-22 10:06:15,clouds,6.0,0.0,1,0,0,0,10
116,21,9,6,2020-03-22 10:16:24,clouds,7.0,0.0,1,0,0,0,10
116,21,9,6,2020-03-22 10:26:33,clouds,7.0,0.0,1,0,0,0,10
116,21,9,6,2020-03-22 10:36:43,clouds,7.0,0.0,1,0,0,0,10
116,21,9,6,2020-03-22 10:46:52,clouds,8.0,0.0,1,0,0,0,10
116,21,9,6,2020-03-22 10:57:00,clouds,8.0,0.0,1,0,0,0,10
116,21,9,6,2020-03-22 11:07:09,clouds,8.0,0.0,1,0,0,0,11
116,21,9,6,2020-03-22 11:17:17,clouds,8.0,0.0,1,0,0,0,11
116,21,9,6,2020-03-22 11:27:26,clouds,8.0,0.0,1,0,0,0,11
116,21,9,6,2020-03-22 11:37:34,clouds,8.0,0.0,1,0,0,0,11
116,21,9,6,2020-03-22 11:47:43,clouds,8.0,0.0,1,0,0,0,11
116,21,9,6,2020-03-22 11:57:51,clouds,8.0,0.0,1,0,0,0,11
116,21,9,6,2020-03-22 12:08:00,clouds,8.0,0.0,0,1,0,0,12
116,21,9,6,2020-03-22 12:18:10,clouds,8.0,0.0,0,1,0,0,12
116,21,9,6,2020-03-22 12:26:48,clouds,8.0,0.0,0,1,0,0,12
116,21,9,6,2020-03-22 12:36:58,clouds,8.0,0.0,0,1,0,0,12
116,21,9,6,2020-03-22 12:47:07,clouds,9.0,0.0,0,1,0,0,12
116,22,8,6,2020-03-22 12:53:15,clouds,9.0,0.0,0,1,0,0,12
116,22,8,6,2020-03-22 13:03:24,clouds,9.0,0.0,0,1,0,0,13
116,22,8,6,2020-03-22 13:13:33,clouds,9.0,0.0,0,1,0,0,13
116,22,8,6,2020-03-22 13:23:41,clouds,9.0,0.0,0,1,0,0,13
116,22,8,6,2020-03-22 13:33:50,clouds,9.0,0.0,0,1,0,0,13
116,22,8,6,2020-03-22 13:43:59,clouds,9.0,0.0,0,1,0,0,13
116,22,8,6,2020-03-22 13:54:08,clouds,9.0,0.0,0,1,0,0,13
116,22,8,6,2020-03-22 14:04:17,clouds,9.0,0.0,0,1,0,0,14
116,22,8,6,2020-03-22 14:13:41,clouds,9.0,0.0,0,1,0,0,14
116,22,8,6,2020-03-22 14:14:18,clouds,9.0,0.0,0,1,0,0,14
116,23,7,6,2020-03-22 14:24:27,clouds,9.0,0.0,0,1,0,0,14
116,23,7,6,2020-03-22 14:34:36,clouds,9.0,0.0,0,1,0,0,14
116,23,7,6,2020-03-22 14:44:46,clouds,9.0,0.0,0,1,0,0,14
116,23,7,6,2020-03-22 14:54:54,clouds,9.0,0.0,0,1,0,0,14
116,23,7,6,2020-03-22 15:08:21,clouds,9.0,0.0,0,1,0,0,15
116,23,7,6,2020-03-22 15:15:57,clouds,9.0,0.0,0,1,0,0,15
116,23,7,6,2020-03-22 15:26:06,clouds,9.0,0.0,0,1,0,0,15
116,22,8,6,2020-03-22 15:33:26,clouds,9.0,0.0,0,1,0,0,15
116,22,8,6,2020-03-22 15:43:35,clouds,8.0,0.0,0,1,0,0,15
116,22,8,6,2020-03-22 15:44:38,clouds,8.0,0.0,0,1,0,0,15
116,23,7,6,2020-03-22 15:54:48,clouds,8.0,0.0,0,1,0,0,15
116,23,7,6,2020-03-22 16:04:57,clouds,8.0,0.0,0,1,0,0,16
116,23,7,6,2020-03-22 16:15:06,clouds,8.0,0.0,0,1,0,0,16
116,23,7,6,2020-03-22 16:25:13,clouds,8.0,0.0,0,1,0,0,16
116,23,7,6,2020-03-22 16:35:22,clouds,8.0,0.0,0,1,0,0,16
116,23,7,6,2020-03-22 16:45:32,clouds,8.0,0.0,0,1,0,0,16
116,22,8,6,2020-03-22 16:57:58,clouds,8.0,0.0,0,1,0,0,16
116,22,8,6,2020-03-22 17:08:06,clouds,8.0,0.0,0,0,1,0,17
116,22,8,6,2020-03-22 17:18:16,clouds,7.0,0.0,0,0,1,0,17
116,22,8,6,2020-03-22 17:28:24,clouds,7.0,0.0,0,0,1,0,17
116,22,8,6,2020-03-22 17:38:33,clouds,7.0,0.0,0,0,1,0,17
116,22,8,6,2020-03-22 17:41:16,clouds,7.0,0.0,0,0,1,0,17
116,23,7,6,2020-03-22 17:51:24,clouds,7.0,0.0,0,0,1,0,17
116,23,7,6,2020-03-22 17:58:49,clouds,7.0,0.0,0,0,1,0,17
116,24,6,6,2020-03-22 18:08:58,clouds,7.0,0.0,0,0,1,0,18
116,23,7,6,2020-03-22 18:16:47,clouds,6.0,0.0,0,0,1,0,18
116,23,7,6,2020-03-22 18:26:57,clouds,6.0,0.0,0,0,1,0,18
116,22,8,6,2020-03-22 18:31:07,clouds,6.0,0.0,0,0,1,0,18
116,21,9,6,2020-03-22 18:43:05,clouds,6.0,0.0,0,0,1,0,18
116,21,9,6,2020-03-22 18:53:15,clouds,6.0,0.0,0,0,1,0,18
116,21,9,6,2020-03-22 19:03:24,clouds,6.0,0.0,0,0,1,0,19
116,21,9,6,2020-03-22 19:13:41,clouds,5.0,0.0,0,0,1,0,19
116,21,9,6,2020-03-22 19:23:50,clouds,5.0,0.0,0,0,1,0,19
116,21,9,6,2020-03-22 19:33:59,clouds,5.0,0.0,0,0,1,0,19
116,21,9,6,2020-03-22 19:43:08,clouds,4.0,0.0,0,0,1,0,19
116,22,8,6,2020-03-22 19:53:17,clouds,4.0,0.0,0,0,1,0,19
116,22,8,6,2020-03-22 20:03:26,clouds,4.0,0.0,0,0,0,1,20
116,22,8,6,2020-03-22 20:13:36,clouds,4.0,0.0,0,0,0,1,20
116,22,8,6,2020-03-22 20:23:45,clouds,4.0,0.0,0,0,0,1,20
116,22,8,6,2020-03-22 20:33:54,clouds,4.0,0.0,0,0,0,1,20
116,22,8,6,2020-03-22 20:44:03,clouds,2.0,0.0,0,0,0,1,20
116,22,8,6,2020-03-22 20:54:12,clouds,2.0,0.0,0,0,0,1,20
116,22,8,6,2020-03-22 21:04:22,clouds,2.0,0.0,0,0,0,1,21
116,22,8,6,2020-03-22 21:14:30,clouds,2.0,0.0,0,0,0,1,21
116,22,8,6,2020-03-22 21:24:40,clouds,2.0,0.0,0,0,0,1,21
116,22,8,6,2020-03-22 21:34:49,clouds,2.0,0.0,0,0,0,1,21
116,22,8,6,2020-03-22 21:44:58,clouds,1.0,0.0,0,0,0,1,21
116,22,8,6,2020-03-22 21:55:07,clouds,1.0,0.0,0,0,0,1,21
116,22,8,6,2020-03-22 22:05:16,clouds,1.0,0.0,0,0,0,1,22
116,22,8,6,2020-03-22 22:15:26,clouds,1.0,0.0,0,0,0,1,22
116,22,8,6,2020-03-22 22:25:35,clouds,0.0,0.0,0,0,0,1,22
116,22,8,6,2020-03-22 22:35:44,clouds,0.0,0.0,0,0,0,1,22
116,22,8,6,2020-03-22 22:45:53,clouds,0.0,0.0,0,0,0,1,22
116,22,8,6,2020-03-22 22:56:03,clouds,0.0,0.0,0,0,0,1,22
116,22,8,6,2020-03-22 23:06:12,clouds,0.0,0.0,0,0,0,1,23
116,22,8,6,2020-03-22 23:16:21,clouds,0.0,0.0,0,0,0,1,23
116,22,8,6,2020-03-22 23:26:30,clouds,0.0,0.0,0,0,0,1,23
116,22,8,6,2020-03-22 23:36:39,clouds,0.0,0.0,0,0,0,1,23
116,22,8,6,2020-03-22 23:46:48,clouds,0.0,0.0,0,0,0,1,23
116,22,8,6,2020-03-22 23:56:57,clouds,0.0,0.0,0,0,0,1,23
116,26,4,5,2020-03-28 00:08:16,clouds,7.0,0.0,0,0,0,0,0
116,26,4,5,2020-03-28 00:18:25,clouds,6.0,0.0,0,0,0,0,0
116,26,4,5,2020-03-28 00:28:33,clouds,6.0,0.0,0,0,0,0,0
116,26,4,5,2020-03-28 00:32:24,clouds,6.0,0.0,0,0,0,0,0
116,26,4,5,2020-03-28 00:42:33,clouds,6.0,0.0,0,0,0,0,0
116,26,4,5,2020-03-28 00:52:41,clouds,6.0,0.0,0,0,0,0,0
116,26,4,5,2020-03-28 05:00:43,clouds,6.0,0.0,1,0,0,0,5
116,26,4,5,2020-03-28 05:10:51,clouds,6.0,0.0,1,0,0,0,5
116,26,4,5,2020-03-28 05:21:00,clouds,6.0,0.0,1,0,0,0,5
116,26,4,5,2020-03-28 05:31:08,clouds,6.0,0.0,1,0,0,0,5
116,26,4,5,2020-03-28 05:41:17,clouds,6.0,0.0,1,0,0,0,5
116,26,4,5,2020-03-28 05:51:28,clouds,6.0,0.0,1,0,0,0,5
116,26,4,5,2020-03-28 06:01:37,clouds,6.0,0.0,1,0,0,0,6
116,26,4,5,2020-03-28 06:11:46,clouds,6.0,0.0,1,0,0,0,6
116,26,4,5,2020-03-28 06:21:56,clouds,6.0,0.0,1,0,0,0,6
116,26,4,5,2020-03-28 06:32:04,clouds,6.0,0.0,1,0,0,0,6
116,26,4,5,2020-03-28 06:42:12,clouds,6.0,0.0,1,0,0,0,6
116,26,4,5,2020-03-28 06:52:21,clouds,6.0,0.0,1,0,0,0,6
116,26,4,5,2020-03-28 07:02:30,clouds,6.0,0.0,1,0,0,0,7
116,26,4,5,2020-03-28 07:12:39,clouds,6.0,0.0,1,0,0,0,7
116,26,4,5,2020-03-28 07:22:48,clouds,6.0,0.0,1,0,0,0,7
116,26,4,5,2020-03-28 07:32:57,clouds,6.0,0.0,1,0,0,0,7
116,26,4,5,2020-03-28 07:42:23,clouds,6.0,0.0,1,0,0,0,7
116,27,3,5,2020-03-28 07:52:32,clouds,6.0,0.0,1,0,0,0,7
116,27,3,5,2020-03-28 08:02:41,clouds,6.0,0.0,1,0,0,0,8
116,27,3,5,2020-03-28 08:12:50,clouds,6.0,0.0,1,0,0,0,8
116,27,3,5,2020-03-28 08:22:59,clouds,7.0,0.0,1,0,0,0,8
116,27,3,5,2020-03-28 08:33:08,clouds,7.0,0.0,1,0,0,0,8
116,27,3,5,2020-03-28 08:43:18,clouds,7.0,0.0,1,0,0,0,8
116,27,3,5,2020-03-28 08:53:26,clouds,7.0,0.0,1,0,0,0,8
116,27,3,5,2020-03-28 09:03:35,clouds,7.0,0.0,1,0,0,0,9
116,27,3,5,2020-03-28 09:13:44,clouds,7.0,0.0,1,0,0,0,9
116,27,3,5,2020-03-28 09:23:53,clouds,8.0,0.0,1,0,0,0,9
116,27,3,5,2020-03-28 09:34:02,clouds,8.0,0.0,1,0,0,0,9
116,27,3,5,2020-03-28 09:44:10,clouds,8.0,0.0,1,0,0,0,9
116,27,3,5,2020-03-28 09:54:19,clouds,8.0,0.0,1,0,0,0,9
116,27,3,5,2020-03-28 10:04:28,clouds,8.0,0.0,1,0,0,0,10
116,26,4,5,2020-03-28 10:19:04,clouds,8.0,0.0,1,0,0,0,10
116,26,4,5,2020-03-28 10:29:14,clouds,8.0,0.0,1,0,0,0,10
116,26,4,5,2020-03-28 10:39:22,clouds,8.0,0.0,1,0,0,0,10
116,26,4,5,2020-03-28 10:49:32,clouds,8.0,0.0,1,0,0,0,10
116,25,5,5,2020-03-28 10:56:37,clouds,8.0,0.0,1,0,0,0,10
116,25,5,5,2020-03-28 11:06:45,clouds,8.0,0.0,1,0,0,0,11
116,25,5,5,2020-03-28 11:12:58,clouds,8.0,0.0,1,0,0,0,11
116,26,4,5,2020-03-28 11:23:07,clouds,7.0,0.0,1,0,0,0,11
116,26,4,5,2020-03-28 11:33:16,clouds,7.0,0.0,1,0,0,0,11
116,26,4,5,2020-03-28 11:43:25,clouds,7.0,0.0,1,0,0,0,11
116,26,4,5,2020-03-28 11:53:34,clouds,7.0,0.0,1,0,0,0,11
116,26,4,5,2020-03-28 12:03:44,clouds,7.0,0.0,0,1,0,0,12
116,26,4,5,2020-03-28 12:13:52,clouds,7.0,0.0,0,1,0,0,12
116,26,4,5,2020-03-28 12:24:00,clouds,7.0,0.0,0,1,0,0,12
116,26,4,5,2020-03-28 12:34:10,clouds,7.0,0.0,0,1,0,0,12
116,26,4,5,2020-03-28 12:44:19,clouds,7.0,0.0,0,1,0,0,12
116,26,4,5,2020-03-28 12:54:28,clouds,7.0,0.0,0,1,0,0,12
116,26,4,5,2020-03-28 13:04:37,clouds,7.0,0.0,0,1,0,0,13
116,26,4,5,2020-03-28 13:14:45,clouds,7.0,0.0,0,1,0,0,13
116,26,4,5,2020-03-28 13:24:54,clouds,7.0,0.0,0,1,0,0,13
116,26,4,5,2020-03-28 13:35:02,clouds,7.0,0.0,0,1,0,0,13
116,26,4,5,2020-03-28 13:45:11,clouds,8.0,0.0,0,1,0,0,13
116,26,4,5,2020-03-28 13:55:20,clouds,8.0,0.0,0,1,0,0,13
116,26,4,5,2020-03-28 14:05:29,clouds,8.0,0.0,0,1,0,0,14
116,26,4,5,2020-03-28 14:15:37,clouds,8.0,0.0,0,1,0,0,14
116,26,4,5,2020-03-28 14:25:45,clouds,8.0,0.0,0,1,0,0,14
116,26,4,5,2020-03-28 14:35:54,clouds,8.0,0.0,0,1,0,0,14
116,26,4,5,2020-03-28 14:46:03,clouds,7.0,0.0,0,1,0,0,14
116,26,4,5,2020-03-28 14:56:12,clouds,7.0,0.0,0,1,0,0,14
116,26,4,5,2020-03-28 15:06:21,clouds,7.0,0.0,0,1,0,0,15
116,26,4,5,2020-03-28 15:16:11,clouds,8.0,0.0,0,1,0,0,15
116,27,3,5,2020-03-28 15:26:20,clouds,8.0,0.0,0,1,0,0,15
116,27,3,5,2020-03-28 15:36:29,clouds,8.0,0.0,0,1,0,0,15
116,27,3,5,2020-03-28 15:46:38,clouds,8.0,0.0,0,1,0,0,15
116,27,3,5,2020-03-28 15:56:47,clouds,8.0,0.0,0,1,0,0,15
116,27,3,5,2020-03-28 16:06:56,clouds,8.0,0.0,0,1,0,0,16
116,27,3,5,2020-03-28 16:17:06,clouds,8.0,0.0,0,1,0,0,16
116,27,3,5,2020-03-28 16:27:15,clouds,8.0,0.0,0,1,0,0,16
116,27,3,5,2020-03-28 16:37:24,clouds,8.0,0.0,0,1,0,0,16
116,27,3,5,2020-03-28 16:47:32,clouds,8.0,0.0,0,1,0,0,16
116,27,3,5,2020-03-28 16:57:40,clouds,8.0,0.0,0,1,0,0,16
116,27,3,5,2020-03-28 17:07:50,clouds,8.0,0.0,0,0,1,0,17
116,27,3,5,2020-03-28 17:17:58,clouds,8.0,0.0,0,0,1,0,17
116,27,3,5,2020-03-28 17:28:08,clouds,8.0,0.0,0,0,1,0,17
116,27,3,5,2020-03-28 17:38:17,clouds,8.0,0.0,0,0,1,0,17
116,27,3,5,2020-03-28 17:48:25,clouds,7.0,0.0,0,0,1,0,17
116,27,3,5,2020-03-28 17:58:33,clouds,7.0,0.0,0,0,1,0,17
116,27,3,5,2020-03-28 18:08:42,clouds,7.0,0.0,0,0,1,0,18
116,26,4,5,2020-03-28 18:17:05,clouds,7.0,0.0,0,0,1,0,18
116,26,4,5,2020-03-28 18:27:14,clouds,7.0,0.0,0,0,1,0,18
116,26,4,5,2020-03-28 18:37:23,clouds,7.0,0.0,0,0,1,0,18
116,26,4,5,2020-03-28 18:47:32,clouds,7.0,0.0,0,0,1,0,18
116,26,4,5,2020-03-28 18:57:41,clouds,7.0,0.0,0,0,1,0,18
116,26,4,5,2020-03-28 19:07:50,clouds,7.0,0.0,0,0,1,0,19
116,26,4,5,2020-03-28 19:17:59,clouds,7.0,0.0,0,0,1,0,19
116,26,4,5,2020-03-28 19:28:08,clouds,7.0,0.0,0,0,1,0,19
116,26,4,5,2020-03-28 19:38:17,clouds,7.0,0.0,0,0,1,0,19
116,26,4,5,2020-03-28 19:48:27,clouds,6.0,0.0,0,0,1,0,19
116,26,4,5,2020-03-28 19:58:35,clouds,6.0,0.0,0,0,1,0,19
116,26,4,5,2020-03-28 20:08:44,clouds,6.0,0.0,0,0,0,1,20
116,26,4,5,2020-03-28 20:18:54,clouds,6.0,0.0,0,0,0,1,20
116,26,4,5,2020-03-28 20:29:02,clouds,6.0,0.0,0,0,0,1,20
116,26,4,5,2020-03-28 20:39:11,clouds,6.0,0.0,0,0,0,1,20
116,26,4,5,2020-03-28 20:49:19,clouds,6.0,0.0,0,0,0,1,20
116,26,4,5,2020-03-28 20:59:28,clouds,6.0,0.0,0,0,0,1,20
116,26,4,5,2020-03-28 21:09:37,clouds,6.0,0.0,0,0,0,1,21
116,26,4,5,2020-03-28 21:19:46,clouds,6.0,0.0,0,0,0,1,21
116,26,4,5,2020-03-28 21:29:55,clouds,6.0,0.0,0,0,0,1,21
116,26,4,5,2020-03-28 21:40:04,clouds,6.0,0.0,0,0,0,1,21
116,26,4,5,2020-03-28 21:50:12,clouds,5.0,0.0,0,0,0,1,21
116,26,4,5,2020-03-28 22:00:21,clouds,5.0,0.0,0,0,0,1,22
116,26,4,5,2020-03-28 22:10:30,clouds,5.0,0.0,0,0,0,1,22
116,26,4,5,2020-03-28 22:20:39,clouds,5.0,0.0,0,0,0,1,22
116,26,4,5,2020-03-28 22:30:48,clouds,5.0,0.0,0,0,0,1,22
116,26,4,5,2020-03-28 22:40:57,clouds,5.0,0.0,0,0,0,1,22
116,26,4,5,2020-03-28 22:51:07,clouds,5.0,0.0,0,0,0,1,22
116,26,4,5,2020-03-28 23:01:16,clouds,5.0,0.0,0,0,0,1,23
116,26,4,5,2020-03-28 23:11:25,clouds,5.0,0.0,0,0,0,1,23
116,26,4,5,2020-03-28 23:21:34,clouds,4.0,0.0,0,0,0,1,23
116,26,4,5,2020-03-28 23:31:44,clouds,4.0,0.0,0,0,0,1,23
116,26,4,5,2020-03-28 23:41:53,clouds,4.0,0.0,0,0,0,1,23
116,26,4,5,2020-03-28 23:52:02,clouds,4.0,0.0,0,0,0,1,23
116,26,4,6,2020-03-29 00:02:36,clouds,4.0,0.0,0,0,0,0,0
116,27,3,6,2020-03-29 00:12:46,clouds,4.0,0.0,0,0,0,0,0
116,27,3,6,2020-03-29 00:22:56,clouds,4.0,0.0,0,0,0,0,0
116,27,3,6,2020-03-29 00:32:05,clouds,4.0,0.0,0,0,0,0,0
116,27,3,6,2020-03-29 00:42:14,clouds,4.0,0.0,0,0,0,0,0
116,27,3,6,2020-03-29 00:52:23,clouds,4.0,0.0,0,0,0,0,0
116,27,3,6,2020-03-29 05:01:05,clouds,3.0,0.0,1,0,0,0,5
116,27,3,6,2020-03-29 05:11:14,clouds,3.0,0.0,1,0,0,0,5
116,27,3,6,2020-03-29 05:22:16,clouds,3.0,0.0,1,0,0,0,5
116,27,3,6,2020-03-29 05:24:43,clouds,3.0,0.0,1,0,0,0,5
116,27,3,6,2020-03-29 05:34:52,clouds,3.0,0.0,1,0,0,0,5
116,27,3,6,2020-03-29 05:45:01,clouds,3.0,0.0,1,0,0,0,5
116,27,3,6,2020-03-29 05:55:11,clouds,3.0,0.0,1,0,0,0,5
116,27,3,6,2020-03-29 06:05:20,clouds,3.0,0.0,1,0,0,0,6
116,27,3,6,2020-03-29 06:15:29,clouds,3.0,0.0,1,0,0,0,6
116,27,3,6,2020-03-29 06:25:38,clouds,3.0,0.0,1,0,0,0,6
116,27,3,6,2020-03-29 06:35:48,clouds,3.0,0.0,1,0,0,0,6
116,27,3,6,2020-03-29 06:45:56,clouds,3.0,0.0,1,0,0,0,6
116,27,3,6,2020-03-29 06:56:05,clouds,3.0,0.0,1,0,0,0,6
116,27,3,6,2020-03-29 07:06:14,clouds,3.0,0.0,1,0,0,0,7
116,27,3,6,2020-03-29 07:16:23,clouds,3.0,0.0,1,0,0,0,7
116,27,3,6,2020-03-29 07:26:32,clouds,3.0,0.0,1,0,0,0,7
116,27,3,6,2020-03-29 07:36:40,clouds,3.0,0.0,1,0,0,0,7
116,27,3,6,2020-03-29 07:46:50,clouds,3.0,0.0,1,0,0,0,7
116,27,3,6,2020-03-29 07:56:59,clouds,3.0,0.0,1,0,0,0,7
116,27,3,6,2020-03-29 08:07:08,clouds,3.0,0.0,1,0,0,0,8
116,27,3,6,2020-03-29 08:17:17,clouds,4.0,0.0,1,0,0,0,8
116,27,3,6,2020-03-29 08:27:26,clouds,4.0,0.0,1,0,0,0,8
116,27,3,6,2020-03-29 08:37:34,clouds,4.0,0.0,1,0,0,0,8
116,27,3,6,2020-03-29 08:47:44,clouds,4.0,0.0,1,0,0,0,8
116,27,3,6,2020-03-29 08:57:53,clouds,4.0,0.0,1,0,0,0,8
116,27,3,6,2020-03-29 09:08:02,clouds,4.0,0.0,1,0,0,0,9
116,27,3,6,2020-03-29 09:18:11,clouds,4.0,0.0,1,0,0,0,9
116,27,3,6,2020-03-29 09:28:20,clouds,4.0,0.0,1,0,0,0,9
116,27,3,6,2020-03-29 09:38:30,clouds,4.0,0.0,1,0,0,0,9
116,27,3,6,2020-03-29 09:48:39,clouds,5.0,0.0,1,0,0,0,9
116,27,3,6,2020-03-29 09:58:48,clouds,5.0,0.0,1,0,0,0,9
116,27,3,6,2020-03-29 10:08:57,clouds,5.0,0.0,1,0,0,0,10
116,27,3,6,2020-03-29 10:19:05,clouds,5.0,0.0,1,0,0,0,10
116,27,3,6,2020-03-29 10:29:14,clouds,5.0,0.0,1,0,0,0,10
116,27,3,6,2020-03-29 10:39:24,clouds,5.0,0.0,1,0,0,0,10
116,27,3,6,2020-03-29 10:49:32,clouds,4.0,0.0,1,0,0,0,10
116,27,3,6,2020-03-29 10:59:41,clouds,4.0,0.0,1,0,0,0,10
116,27,3,6,2020-03-29 11:09:50,clouds,4.0,0.0,1,0,0,0,11
116,27,3,6,2020-03-29 11:19:59,clouds,5.0,0.0,1,0,0,0,11
116,27,3,6,2020-03-29 11:30:08,clouds,5.0,0.0,1,0,0,0,11
116,27,3,6,2020-03-29 11:40:17,clouds,5.0,0.0,1,0,0,0,11
116,27,3,6,2020-03-29 11:51:04,clouds,4.0,0.0,1,0,0,0,11
116,28,2,6,2020-03-29 12:01:13,clouds,4.0,0.0,0,1,0,0,12
116,28,2,6,2020-03-29 12:11:22,clouds,4.0,0.0,0,1,0,0,12
116,28,2,6,2020-03-29 12:21:32,clouds,5.0,0.0,0,1,0,0,12
116,27,3,6,2020-03-29 12:30:32,clouds,5.0,0.0,0,1,0,0,12
116,27,3,6,2020-03-29 12:40:41,clouds,5.0,0.0,0,1,0,0,12
116,27,3,6,2020-03-29 12:50:50,clouds,4.0,0.0,0,1,0,0,12
116,27,3,6,2020-03-29 12:55:28,clouds,4.0,0.0,0,1,0,0,12
116,28,2,6,2020-03-29 13:05:37,clouds,4.0,0.0,0,1,0,0,13
116,28,2,6,2020-03-29 13:15:46,clouds,5.0,0.0,0,1,0,0,13
116,28,2,6,2020-03-29 13:25:55,clouds,5.0,0.0,0,1,0,0,13
116,28,2,6,2020-03-29 13:36:04,clouds,5.0,0.0,0,1,0,0,13
116,28,2,6,2020-03-29 13:46:13,clouds,5.0,0.0,0,1,0,0,13
116,28,2,6,2020-03-29 13:56:23,clouds,5.0,0.0,0,1,0,0,13
116,28,2,6,2020-03-29 14:06:32,clouds,5.0,0.0,0,1,0,0,14
116,28,2,6,2020-03-29 14:16:41,clouds,4.0,0.0,0,1,0,0,14
116,28,2,6,2020-03-29 14:26:50,clouds,4.0,0.0,0,1,0,0,14
116,28,2,6,2020-03-29 14:36:59,clouds,4.0,0.0,0,1,0,0,14
116,28,2,6,2020-03-29 14:47:09,clouds,5.0,0.0,0,1,0,0,14
116,28,2,6,2020-03-29 14:57:18,clouds,5.0,0.0,0,1,0,0,14
116,28,2,6,2020-03-29 15:07:26,clouds,5.0,0.0,0,1,0,0,15
116,28,2,6,2020-03-29 15:17:36,clouds,5.0,0.0,0,1,0,0,15
116,28,2,6,2020-03-29 15:27:44,clouds,5.0,0.0,0,1,0,0,15
116,28,2,6,2020-03-29 15:37:54,clouds,5.0,0.0,0,1,0,0,15
116,28,2,6,2020-03-29 15:48:03,clouds,5.0,0.0,0,1,0,0,15
116,28,2,6,2020-03-29 15:58:13,clouds,5.0,0.0,0,1,0,0,15
116,28,2,6,2020-03-29 16:08:23,clouds,5.0,0.0,0,1,0,0,16
116,28,2,6,2020-03-29 16:18:31,clouds,5.0,0.0,0,1,0,0,16
116,28,2,6,2020-03-29 16:28:41,clouds,5.0,0.0,0,1,0,0,16
116,28,2,6,2020-03-29 16:38:50,clouds,5.0,0.0,0,1,0,0,16
116,28,2,6,2020-03-29 16:48:59,clouds,5.0,0.0,0,1,0,0,16
116,28,2,6,2020-03-29 16:59:08,clouds,5.0,0.0,0,0,0,0,16
116,28,2,6,2020-03-29 17:09:17,clouds,5.0,0.0,0,0,1,0,17
116,28,2,6,2020-03-29 17:19:26,clouds,5.0,0.0,0,0,1,0,17
116,28,2,6,2020-03-29 17:29:35,clouds,5.0,0.0,0,0,1,0,17
116,28,2,6,2020-03-29 17:39:44,clouds,5.0,0.0,0,0,1,0,17
116,28,2,6,2020-03-29 17:49:54,clouds,5.0,0.0,0,0,1,0,17
116,28,2,6,2020-03-29 18:00:03,clouds,5.0,0.0,0,0,1,0,18
116,28,2,6,2020-03-29 18:10:11,clouds,5.0,0.0,0,0,1,0,18
116,28,2,6,2020-03-29 18:20:20,clouds,4.0,0.0,0,0,1,0,18
116,28,2,6,2020-03-29 18:30:30,clouds,4.0,0.0,0,0,1,0,18
116,28,2,6,2020-03-29 18:40:39,clouds,4.0,0.0,0,0,1,0,18
116,28,2,6,2020-03-29 18:50:48,clouds,3.0,0.0,0,0,1,0,18
116,28,2,6,2020-03-29 18:55:30,clouds,3.0,0.0,0,0,1,0,18
116,29,1,6,2020-03-29 19:05:39,clouds,3.0,0.0,0,0,1,0,19
116,28,2,6,2020-03-29 19:11:46,clouds,3.0,0.0,0,0,1,0,19
116,28,2,6,2020-03-29 19:21:54,clouds,3.0,0.0,0,0,1,0,19
116,28,2,6,2020-03-29 19:32:03,clouds,3.0,0.0,0,0,1,0,19
116,28,2,6,2020-03-29 19:42:12,clouds,3.0,0.0,0,0,1,0,19
116,28,2,6,2020-03-29 19:52:21,clouds,2.0,0.0,0,0,1,0,19
116,28,2,6,2020-03-29 20:02:31,clouds,2.0,0.0,0,0,0,1,20
116,28,2,6,2020-03-29 20:12:39,clouds,2.0,0.0,0,0,0,1,20
116,28,2,6,2020-03-29 20:22:49,clouds,2.0,0.0,0,0,0,1,20
116,28,2,6,2020-03-29 20:32:58,clouds,2.0,0.0,0,0,0,1,20
116,28,2,6,2020-03-29 20:43:07,clouds,2.0,0.0,0,0,0,1,20
116,28,2,6,2020-03-29 20:53:16,clouds,1.0,0.0,0,0,0,1,20
116,28,2,6,2020-03-29 21:03:25,clouds,1.0,0.0,0,0,0,1,21
116,28,2,6,2020-03-29 21:13:34,clouds,1.0,0.0,0,0,0,1,21
116,28,2,6,2020-03-29 21:23:42,clouds,1.0,0.0,0,0,0,1,21
116,28,2,6,2020-03-29 21:33:51,clouds,1.0,0.0,0,0,0,1,21
116,28,2,6,2020-03-29 21:44:01,clouds,1.0,0.0,0,0,0,1,21
116,28,2,6,2020-03-29 21:54:10,clouds,1.0,0.0,0,0,0,1,21
116,28,2,6,2020-03-29 22:04:19,clouds,1.0,0.0,0,0,0,1,22
116,28,2,6,2020-03-29 22:14:28,clouds,1.0,0.0,0,0,0,1,22
116,28,2,6,2020-03-29 22:24:37,clouds,1.0,0.0,0,0,0,1,22
116,28,2,6,2020-03-29 22:34:46,clouds,1.0,0.0,0,0,0,1,22
116,28,2,6,2020-03-29 22:44:56,clouds,1.0,0.0,0,0,0,1,22
116,28,2,6,2020-03-29 22:55:05,clouds,0.0,0.0,0,0,0,1,22
116,28,2,6,2020-03-29 23:05:14,clouds,0.0,0.0,0,0,0,1,23
116,28,2,6,2020-03-29 23:15:23,clouds,0.0,0.0,0,0,0,1,23
116,28,2,6,2020-03-29 23:25:32,clouds,0.0,0.0,0,0,0,1,23
116,28,2,6,2020-03-29 23:32:51,clouds,0.0,0.0,0,0,0,1,23
116,28,2,6,2020-03-29 23:43:00,clouds,0.0,0.0,0,0,0,1,23
116,28,2,6,2020-03-29 23:53:09,clear,0.0,0.0,0,0,0,1,23
116,17,13,5,2020-04-04 00:02:43,clouds,7.0,0.0,0,0,0,0,0
116,17,13,5,2020-04-04 00:12:52,clouds,7.0,0.0,0,0,0,0,0
116,17,13,5,2020-04-04 00:23:01,clouds,7.0,0.0,0,0,0,0,0
116,17,13,5,2020-04-04 00:33:09,clouds,7.0,0.0,0,0,0,0,0
116,17,13,5,2020-04-04 00:43:17,clouds,7.0,0.0,0,0,0,0,0
116,17,13,5,2020-04-04 00:53:27,clouds,7.0,0.0,0,0,0,0,0
116,17,13,5,2020-04-04 05:01:38,clouds,6.0,0.0,1,0,0,0,5
116,17,13,5,2020-04-04 05:11:47,clouds,6.0,0.0,1,0,0,0,5
116,17,13,5,2020-04-04 05:21:55,clouds,7.0,0.0,1,0,0,0,5
116,17,13,5,2020-04-04 05:32:03,clouds,7.0,0.0,1,0,0,0,5
116,17,13,5,2020-04-04 05:42:12,clouds,7.0,0.0,1,0,0,0,5
116,17,13,5,2020-04-04 05:52:20,clouds,6.0,0.0,1,0,0,0,5
116,17,13,5,2020-04-04 06:02:28,clouds,6.0,0.0,1,0,0,0,6
116,17,13,5,2020-04-04 06:12:36,clouds,6.0,0.0,1,0,0,0,6
116,17,13,5,2020-04-04 06:22:46,clouds,6.0,0.0,1,0,0,0,6
116,17,13,5,2020-04-04 06:32:54,clouds,6.0,0.0,1,0,0,0,6
116,17,13,5,2020-04-04 06:43:44,clouds,6.0,0.0,1,0,0,0,6
116,17,13,5,2020-04-04 06:53:53,clouds,6.0,0.0,1,0,0,0,6
116,17,13,5,2020-04-04 07:04:01,clouds,6.0,0.0,1,0,0,0,7
116,17,13,5,2020-04-04 07:14:09,clouds,6.0,0.0,1,0,0,0,7
116,17,13,5,2020-04-04 07:24:17,clouds,6.0,0.0,1,0,0,0,7
116,17,13,5,2020-04-04 07:34:25,clouds,6.0,0.0,1,0,0,0,7
116,17,13,5,2020-04-04 07:44:34,clouds,6.0,0.0,1,0,0,0,7
116,17,13,5,2020-04-04 07:54:42,clouds,7.0,0.0,1,0,0,0,7
116,17,13,5,2020-04-04 08:04:50,clouds,7.0,0.0,1,0,0,0,8
116,17,13,5,2020-04-04 08:14:59,clouds,7.0,0.0,1,0,0,0,8
116,17,13,5,2020-04-04 08:25:08,clouds,8.0,0.0,1,0,0,0,8
116,17,13,5,2020-04-04 08:35:17,clouds,8.0,0.0,1,0,0,0,8
116,17,13,5,2020-04-04 08:45:25,clouds,8.0,0.0,1,0,0,0,8
116,17,13,5,2020-04-04 08:55:34,clouds,8.0,0.0,1,0,0,0,8
116,17,13,5,2020-04-04 09:05:42,clouds,8.0,0.0,1,0,0,0,9
116,17,13,5,2020-04-04 09:15:51,clouds,9.0,0.0,1,0,0,0,9
116,17,13,5,2020-04-04 09:26:00,clouds,9.0,0.0,1,0,0,0,9
116,17,13,5,2020-04-04 09:36:08,clouds,9.0,0.0,1,0,0,0,9
116,17,13,5,2020-04-04 09:46:18,clouds,9.0,0.0,1,0,0,0,9
116,17,13,5,2020-04-04 09:56:25,clouds,9.0,0.0,1,0,0,0,9
116,17,13,5,2020-04-04 10:06:34,clouds,9.0,0.0,1,0,0,0,10
116,17,13,5,2020-04-04 10:16:42,clouds,10.0,0.0,1,0,0,0,10
116,17,13,5,2020-04-04 10:26:51,clouds,10.0,0.0,1,0,0,0,10
116,17,13,5,2020-04-04 10:37:00,clouds,10.0,0.0,1,0,0,0,10
116,17,13,5,2020-04-04 10:47:08,clouds,10.0,0.0,1,0,0,0,10
116,17,13,5,2020-04-04 10:57:17,clouds,10.0,0.0,1,0,0,0,10
116,17,13,5,2020-04-04 11:07:25,clouds,10.0,0.0,1,0,0,0,11
116,17,13,5,2020-04-04 11:17:34,clouds,10.0,0.0,1,0,0,0,11
116,17,13,5,2020-04-04 11:27:42,clouds,10.0,0.0,1,0,0,0,11
116,17,13,5,2020-04-04 11:37:51,clouds,10.0,0.0,1,0,0,0,11
116,17,13,5,2020-04-04 11:48:00,clouds,10.0,0.0,1,0,0,0,11
116,17,13,5,2020-04-04 11:58:08,clouds,10.0,0.0,1,0,0,0,11
116,17,13,5,2020-04-04 12:08:16,clouds,10.0,0.0,0,1,0,0,12
116,17,13,5,2020-04-04 12:18:25,clouds,10.0,0.0,0,1,0,0,12
116,17,13,5,2020-04-04 12:28:33,clouds,10.0,0.0,0,1,0,0,12
116,17,13,5,2020-04-04 12:38:41,clouds,10.0,0.0,0,1,0,0,12
116,17,13,5,2020-04-04 12:48:50,rainfall,9.0,0.0,0,1,0,0,12
116,17,13,5,2020-04-04 12:58:59,rainfall,9.0,0.0,0,1,0,0,12
116,17,13,5,2020-04-04 13:09:08,rainfall,9.0,0.0,0,1,0,0,13
116,17,13,5,2020-04-04 13:19:17,clouds,9.0,0.0,0,1,0,0,13
116,17,13,5,2020-04-04 13:29:27,clouds,9.0,0.0,0,1,0,0,13
116,17,13,5,2020-04-04 13:39:35,clouds,9.0,0.0,0,1,0,0,13
116,17,13,5,2020-04-04 13:49:44,clouds,10.0,0.0,0,1,0,0,13
116,17,13,5,2020-04-04 13:59:53,clouds,10.0,0.0,0,1,0,0,13
116,17,13,5,2020-04-04 14:10:02,clouds,10.0,0.0,0,1,0,0,14
116,17,13,5,2020-04-04 14:20:11,clouds,10.0,0.0,0,1,0,0,14
116,17,13,5,2020-04-04 14:30:20,clouds,10.0,0.0,0,1,0,0,14
116,17,13,5,2020-04-04 14:40:28,clouds,10.0,0.0,0,1,0,0,14
116,17,13,5,2020-04-04 14:50:37,clouds,10.0,0.0,0,1,0,0,14
116,17,13,5,2020-04-04 15:00:45,clouds,10.0,0.0,0,1,0,0,15
116,17,13,5,2020-04-04 15:10:53,clouds,10.0,0.0,0,1,0,0,15
116,17,13,5,2020-04-04 15:21:01,clouds,11.0,0.0,0,1,0,0,15
116,17,13,5,2020-04-04 15:31:10,clouds,11.0,0.0,0,1,0,0,15
116,17,13,5,2020-04-04 15:41:19,clouds,11.0,0.0,0,1,0,0,15
116,17,13,5,2020-04-04 15:51:28,clouds,11.0,0.0,0,1,0,0,15
116,17,13,5,2020-04-04 16:01:37,clouds,11.0,0.0,0,1,0,0,16
116,17,13,5,2020-04-04 16:11:46,clouds,11.0,0.0,0,1,0,0,16
116,17,13,5,2020-04-04 16:21:54,clouds,11.0,0.0,0,1,0,0,16
116,17,13,5,2020-04-04 16:32:03,clouds,11.0,0.0,0,1,0,0,16
116,17,13,5,2020-04-04 16:42:11,clouds,11.0,0.0,0,1,0,0,16
116,17,13,5,2020-04-04 16:45:18,clouds,10.0,0.0,0,1,0,0,16
116,18,12,5,2020-04-04 16:55:26,clouds,10.0,0.0,0,1,0,0,16
116,18,12,5,2020-04-04 17:05:35,clouds,10.0,0.0,0,0,1,0,17
116,18,12,5,2020-04-04 17:15:44,rainfall,11.0,0.0,0,0,1,0,17
116,18,12,5,2020-04-04 17:25:52,rainfall,11.0,0.0,0,0,1,0,17
116,18,12,5,2020-04-04 17:36:00,rainfall,11.0,0.0,0,0,1,0,17
116,18,12,5,2020-04-04 17:46:08,rainfall,11.0,0.0,0,0,1,0,17
116,18,12,5,2020-04-04 17:56:17,rainfall,11.0,0.0,0,0,1,0,17
116,18,12,5,2020-04-04 18:06:25,rainfall,11.0,0.0,0,0,1,0,18
116,18,12,5,2020-04-04 18:16:33,rainfall,11.0,0.0,0,0,1,0,18
116,18,12,5,2020-04-04 18:26:42,rainfall,11.0,0.0,0,0,1,0,18
116,18,12,5,2020-04-04 18:36:50,rainfall,11.0,0.0,0,0,1,0,18
116,18,12,5,2020-04-04 18:46:58,rainfall,10.0,0.0,0,0,1,0,18
116,18,12,5,2020-04-04 18:57:06,rainfall,10.0,0.0,0,0,1,0,18
116,18,12,5,2020-04-04 19:07:15,rainfall,10.0,0.0,0,0,1,0,19
116,18,12,5,2020-04-04 19:17:22,clouds,10.0,0.0,0,0,1,0,19
116,18,12,5,2020-04-04 19:27:31,clouds,10.0,0.0,0,0,1,0,19
116,18,12,5,2020-04-04 19:37:39,clouds,10.0,0.0,0,0,1,0,19
116,18,12,5,2020-04-04 19:47:47,clouds,9.0,0.0,0,0,1,0,19
116,18,12,5,2020-04-04 19:57:56,clouds,9.0,0.0,0,0,1,0,19
116,18,12,5,2020-04-04 20:03:59,clouds,9.0,0.0,0,0,0,1,20
116,19,11,5,2020-04-04 20:05:06,clouds,9.0,0.0,0,0,0,1,20
116,19,11,5,2020-04-04 20:15:14,clouds,10.0,0.0,0,0,0,1,20
116,19,11,5,2020-04-04 20:25:22,clouds,10.0,0.0,0,0,0,1,20
116,19,11,5,2020-04-04 20:35:31,clouds,10.0,0.0,0,0,0,1,20
116,19,11,5,2020-04-04 20:45:39,clouds,9.0,0.0,0,0,0,1,20
116,19,11,5,2020-04-04 20:55:47,clouds,9.0,0.0,0,0,0,1,20
116,19,11,5,2020-04-04 21:05:55,clouds,9.0,0.0,0,0,0,1,21
116,19,11,5,2020-04-04 21:16:03,clouds,9.0,0.0,0,0,0,1,21
116,19,11,5,2020-04-04 21:26:12,clouds,9.0,0.0,0,0,0,1,21
116,19,11,5,2020-04-04 21:36:20,clouds,9.0,0.0,0,0,0,1,21
116,19,11,5,2020-04-04 21:46:28,clouds,9.0,0.0,0,0,0,1,21
116,19,11,5,2020-04-04 21:52:59,clouds,9.0,0.0,0,0,0,1,21
116,20,10,5,2020-04-04 22:03:07,clouds,9.0,0.0,0,0,0,1,22
116,20,10,5,2020-04-04 22:13:16,clouds,9.0,0.0,0,0,0,1,22
116,20,10,5,2020-04-04 22:23:32,clouds,9.0,0.0,0,0,0,1,22
116,20,10,5,2020-04-04 22:33:41,clouds,9.0,0.0,0,0,0,1,22
116,20,10,5,2020-04-04 22:43:49,clouds,9.0,0.0,0,0,0,1,22
116,20,10,5,2020-04-04 22:53:58,clouds,9.0,0.0,0,0,0,1,22
116,20,10,5,2020-04-04 23:04:06,clouds,9.0,0.0,0,0,0,1,23
116,20,10,5,2020-04-04 23:14:14,clouds,9.0,0.0,0,0,0,1,23
116,20,10,5,2020-04-04 23:24:22,clouds,9.0,0.0,0,0,0,1,23
116,20,10,5,2020-04-04 23:32:12,clouds,9.0,0.0,0,0,0,1,23
116,20,10,5,2020-04-04 23:42:21,clouds,9.0,0.0,0,0,0,1,23
116,20,10,5,2020-04-04 23:52:30,clouds,9.0,0.0,0,0,0,1,23
116,20,10,6,2020-04-05 00:02:38,clouds,9.0,0.0,0,0,0,0,0
116,20,10,6,2020-04-05 00:12:46,clouds,9.0,0.0,0,0,0,0,0
116,20,10,6,2020-04-05 00:22:54,clouds,9.0,0.0,0,0,0,0,0
116,20,10,6,2020-04-05 00:33:03,clouds,9.0,0.0,0,0,0,0,0
116,20,10,6,2020-04-05 00:43:12,clouds,9.0,0.0,0,0,0,0,0
116,20,10,6,2020-04-05 00:53:20,clouds,9.0,0.0,0,0,0,0,0
116,20,10,6,2020-04-05 05:01:42,clouds,9.0,0.0,1,0,0,0,5
116,20,10,6,2020-04-05 05:11:50,clouds,9.0,0.0,1,0,0,0,5
116,20,10,6,2020-04-05 05:21:59,clouds,9.0,0.0,1,0,0,0,5
116,20,10,6,2020-04-05 05:32:07,clouds,9.0,0.0,1,0,0,0,5
116,20,10,6,2020-04-05 05:42:16,clouds,9.0,0.0,1,0,0,0,5
116,20,10,6,2020-04-05 05:52:25,clouds,9.0,0.0,1,0,0,0,5
116,20,10,6,2020-04-05 06:02:34,clouds,9.0,0.0,1,0,0,0,6
116,20,10,6,2020-04-05 06:12:42,clouds,9.0,0.0,1,0,0,0,6
116,20,10,6,2020-04-05 06:22:51,clouds,9.0,0.0,1,0,0,0,6
116,20,10,6,2020-04-05 06:33:00,clouds,9.0,0.0,1,0,0,0,6
116,20,10,6,2020-04-05 06:43:09,clouds,9.0,0.0,1,0,0,0,6
116,20,10,6,2020-04-05 06:53:18,clouds,9.0,0.0,1,0,0,0,6
116,20,10,6,2020-04-05 07:03:26,clouds,9.0,0.0,1,0,0,0,7
116,20,10,6,2020-04-05 07:13:36,clouds,9.0,0.0,1,0,0,0,7
116,20,10,6,2020-04-05 07:23:44,clouds,9.0,0.0,1,0,0,0,7
116,20,10,6,2020-04-05 07:33:53,clouds,9.0,0.0,1,0,0,0,7
116,20,10,6,2020-04-05 07:44:02,clouds,9.0,0.0,1,0,0,0,7
116,20,10,6,2020-04-05 07:54:10,clouds,9.0,0.0,1,0,0,0,7
116,20,10,6,2020-04-05 08:04:19,clouds,9.0,0.0,1,0,0,0,8
116,20,10,6,2020-04-05 08:14:27,clouds,9.0,0.0,1,0,0,0,8
116,20,10,6,2020-04-05 08:24:36,clouds,10.0,0.0,1,0,0,0,8
116,20,10,6,2020-04-05 08:34:45,clouds,10.0,0.0,1,0,0,0,8
116,20,10,6,2020-04-05 08:44:53,clouds,10.0,0.0,1,0,0,0,8
116,20,10,6,2020-04-05 08:55:03,clouds,11.0,0.0,1,0,0,0,8
116,20,10,6,2020-04-05 09:05:11,clouds,11.0,0.0,1,0,0,0,9
116,20,10,6,2020-04-05 09:15:20,clouds,11.0,0.0,1,0,0,0,9
116,20,10,6,2020-04-05 09:25:28,clouds,11.0,0.0,1,0,0,0,9
116,20,10,6,2020-04-05 09:35:36,clouds,11.0,0.0,1,0,0,0,9
116,20,10,6,2020-04-05 09:45:45,clouds,12.0,0.0,1,0,0,0,9
116,20,10,6,2020-04-05 09:55:54,clouds,12.0,0.0,1,0,0,0,9
116,20,10,6,2020-04-05 10:06:02,clouds,12.0,0.0,1,0,0,0,10
116,20,10,6,2020-04-05 10:16:10,clouds,11.0,0.0,1,0,0,0,10
116,20,10,6,2020-04-05 10:26:19,clouds,11.0,0.0,1,0,0,0,10
116,20,10,6,2020-04-05 10:36:28,clouds,11.0,0.0,1,0,0,0,10
116,20,10,6,2020-04-05 10:46:37,clouds,13.0,0.0,1,0,0,0,10
116,20,10,6,2020-04-05 10:56:45,clouds,13.0,0.0,1,0,0,0,10
116,20,10,6,2020-04-05 11:06:54,clouds,13.0,0.0,1,0,0,0,11
116,20,10,6,2020-04-05 11:17:04,clouds,13.0,0.0,1,0,0,0,11
116,20,10,6,2020-04-05 11:27:13,clouds,13.0,0.0,1,0,0,0,11
116,20,10,6,2020-04-05 11:37:22,clouds,13.0,0.0,1,0,0,0,11
116,20,10,6,2020-04-05 11:47:30,clouds,13.0,0.0,1,0,0,0,11
116,20,10,6,2020-04-05 11:57:38,clouds,13.0,0.0,1,0,0,0,11
116,20,10,6,2020-04-05 12:07:46,clouds,13.0,0.0,0,1,0,0,12
116,20,10,6,2020-04-05 12:17:55,clouds,13.0,0.0,0,1,0,0,12
116,20,10,6,2020-04-05 12:28:04,clouds,13.0,0.0,0,1,0,0,12
116,20,10,6,2020-04-05 12:38:12,clouds,13.0,0.0,0,1,0,0,12
116,20,10,6,2020-04-05 12:48:21,clouds,13.0,0.0,0,1,0,0,12
116,20,10,6,2020-04-05 12:58:30,clouds,13.0,0.0,0,1,0,0,12
116,20,10,6,2020-04-05 13:08:40,clouds,13.0,0.0,0,1,0,0,13
116,20,10,6,2020-04-05 13:18:48,clouds,14.0,0.0,0,1,0,0,13
116,20,10,6,2020-04-05 13:28:56,clouds,14.0,0.0,0,1,0,0,13
116,20,10,6,2020-04-05 13:39:04,clouds,14.0,0.0,0,1,0,0,13
116,20,10,6,2020-04-05 13:49:13,clouds,13.0,0.0,0,1,0,0,13
116,20,10,6,2020-04-05 13:59:23,clouds,13.0,0.0,0,1,0,0,13
116,20,10,6,2020-04-05 14:09:32,clouds,13.0,0.0,0,1,0,0,14
116,20,10,6,2020-04-05 14:19:41,clouds,13.0,0.0,0,1,0,0,14
116,20,10,6,2020-04-05 14:29:50,clouds,13.0,0.0,0,1,0,0,14
116,20,10,6,2020-04-05 14:39:58,clouds,13.0,0.0,0,1,0,0,14
116,20,10,6,2020-04-05 14:50:07,clouds,13.0,0.0,0,1,0,0,14
116,20,10,6,2020-04-05 15:00:16,clouds,13.0,0.0,0,1,0,0,15
116,20,10,6,2020-04-05 15:10:32,clouds,13.0,0.0,0,1,0,0,15
116,20,10,6,2020-04-05 15:20:41,rainfall,12.0,0.25,0,1,0,0,15
116,20,10,6,2020-04-05 15:30:49,rainfall,12.0,0.25,0,1,0,0,15
116,20,10,6,2020-04-05 15:40:58,rainfall,12.0,0.25,0,1,0,0,15
116,20,10,6,2020-04-05 15:51:07,rainfall,12.0,0.25,0,1,0,0,15
116,20,10,6,2020-04-05 16:01:16,rainfall,12.0,0.25,0,1,0,0,16
116,20,10,6,2020-04-05 16:11:26,rainfall,12.0,0.25,0,1,0,0,16
116,20,10,6,2020-04-05 16:21:35,rainfall,12.0,0.25,0,1,0,0,16
116,20,10,6,2020-04-05 16:31:43,rainfall,12.0,0.25,0,1,0,0,16
116,20,10,6,2020-04-05 16:41:52,rainfall,12.0,0.25,0,1,0,0,16
116,20,10,6,2020-04-05 16:52:02,rainfall,12.0,0.38,0,1,0,0,16
116,20,10,6,2020-04-05 17:02:10,rainfall,12.0,0.38,0,0,1,0,17
116,20,10,6,2020-04-05 17:12:18,rainfall,12.0,0.38,0,0,1,0,17
116,20,10,6,2020-04-05 17:22:26,rainfall,12.0,0.64,0,0,1,0,17
116,20,10,6,2020-04-05 17:32:34,rainfall,12.0,0.64,0,0,1,0,17
116,20,10,6,2020-04-05 17:42:43,rainfall,12.0,0.64,0,0,1,0,17
116,20,10,6,2020-04-05 17:52:53,rainfall,12.0,0.77,0,0,1,0,17
116,20,10,6,2020-04-05 18:03:02,rainfall,12.0,0.77,0,0,1,0,18
116,20,10,6,2020-04-05 18:13:10,rainfall,12.0,0.77,0,0,1,0,18
116,20,10,6,2020-04-05 18:23:19,rainfall,12.0,0.38,0,0,1,0,18
116,20,10,6,2020-04-05 18:33:27,rainfall,12.0,0.38,0,0,1,0,18
116,20,10,6,2020-04-05 18:43:36,rainfall,12.0,0.38,0,0,1,0,18
116,20,10,6,2020-04-05 18:46:50,rainfall,12.0,0.77,0,0,1,0,18
116,21,9,6,2020-04-05 18:56:59,rainfall,12.0,0.77,0,0,1,0,18
116,21,9,6,2020-04-05 19:07:07,rainfall,12.0,0.77,0,0,1,0,19
116,21,9,6,2020-04-05 19:17:15,rainfall,12.0,1.52,0,0,1,0,19
116,21,9,6,2020-04-05 19:27:24,rainfall,12.0,1.52,0,0,1,0,19
116,21,9,6,2020-04-05 19:32:36,rainfall,12.0,1.52,0,0,1,0,19
116,22,8,6,2020-04-05 19:42:44,rainfall,12.0,1.52,0,0,1,0,19
116,22,8,6,2020-04-05 19:52:53,rainfall,12.0,1.27,0,0,1,0,19
116,22,8,6,2020-04-05 20:03:01,rainfall,12.0,1.27,0,0,0,1,20
116,22,8,6,2020-04-05 20:13:09,rainfall,12.0,1.27,0,0,0,1,20
116,22,8,6,2020-04-05 20:23:17,rainfall,12.0,0.64,0,0,0,1,20
116,22,8,6,2020-04-05 20:33:27,rainfall,12.0,0.64,0,0,0,1,20
116,22,8,6,2020-04-05 20:43:35,rainfall,12.0,0.64,0,0,0,1,20
116,22,8,6,2020-04-05 20:53:44,rainfall,11.0,0.51,0,0,0,1,20
116,22,8,6,2020-04-05 21:03:53,rainfall,11.0,0.51,0,0,0,1,21
116,22,8,6,2020-04-05 21:14:01,rainfall,11.0,0.51,0,0,0,1,21
116,22,8,6,2020-04-05 21:24:10,rainfall,11.0,0.25,0,0,0,1,21
116,22,8,6,2020-04-05 21:33:41,rainfall,11.0,0.25,0,0,0,1,21
116,23,7,6,2020-04-05 21:43:50,rainfall,11.0,0.25,0,0,0,1,21
116,23,7,6,2020-04-05 21:54:00,rainfall,11.0,0.25,0,0,0,1,21
116,23,7,6,2020-04-05 22:04:09,rainfall,11.0,0.25,0,0,0,1,22
116,23,7,6,2020-04-05 22:14:18,rainfall,11.0,0.0,0,0,0,1,22
116,23,7,6,2020-04-05 22:24:26,rainfall,11.0,0.0,0,0,0,1,22
116,23,7,6,2020-04-05 22:34:35,rainfall,11.0,0.0,0,0,0,1,22
116,23,7,6,2020-04-05 22:44:44,rainfall,10.0,0.0,0,0,0,1,22
116,23,7,6,2020-04-05 22:54:52,rainfall,10.0,0.0,0,0,0,1,22
116,23,7,6,2020-04-05 23:05:01,rainfall,10.0,0.0,0,0,0,1,23
116,23,7,6,2020-04-05 23:15:09,clouds,10.0,0.0,0,0,0,1,23
116,23,7,6,2020-04-05 23:25:18,clouds,10.0,0.0,0,0,0,1,23
116,23,7,6,2020-04-05 23:32:11,clouds,10.0,0.0,0,0,0,1,23
116,23,7,6,2020-04-05 23:42:28,clouds,10.0,0.0,0,0,0,1,23
116,23,7,6,2020-04-05 23:52:37,clouds,10.0,0.0,0,0,0,1,23
116,22,8,5,2020-04-11 00:02:51,clouds,14.0,0.0,0,0,0,0,0
116,22,8,5,2020-04-11 00:12:59,clouds,14.0,0.0,0,0,0,0,0
116,22,8,5,2020-04-11 00:23:07,clouds,14.0,0.0,0,0,0,0,0
116,22,8,5,2020-04-11 00:33:15,clouds,14.0,0.0,0,0,0,0,0
116,22,8,5,2020-04-11 00:43:23,clouds,14.0,0.0,0,0,0,0,0
116,22,8,5,2020-04-11 00:53:32,clouds,14.0,0.0,0,0,0,0,0
116,22,8,5,2020-04-11 05:01:33,clouds,14.0,0.0,1,0,0,0,5
116,22,8,5,2020-04-11 05:11:42,clouds,14.0,0.0,1,0,0,0,5
116,22,8,5,2020-04-11 05:21:50,clouds,14.0,0.0,1,0,0,0,5
116,22,8,5,2020-04-11 05:31:59,clouds,14.0,0.0,1,0,0,0,5
116,22,8,5,2020-04-11 05:42:07,clouds,14.0,0.0,1,0,0,0,5
116,22,8,5,2020-04-11 05:52:16,clouds,14.0,0.0,1,0,0,0,5
116,22,8,5,2020-04-11 06:02:24,clouds,14.0,0.0,1,0,0,0,6
116,22,8,5,2020-04-11 06:12:32,clouds,14.0,0.0,1,0,0,0,6
116,22,8,5,2020-04-11 06:22:40,clouds,14.0,0.0,1,0,0,0,6
116,22,8,5,2020-04-11 06:32:48,clouds,14.0,0.0,1,0,0,0,6
116,22,8,5,2020-04-11 06:42:57,clouds,14.0,0.0,1,0,0,0,6
116,22,8,5,2020-04-11 06:53:05,clouds,14.0,0.0,1,0,0,0,6
116,22,8,5,2020-04-11 07:03:13,clouds,14.0,0.0,1,0,0,0,7
116,22,8,5,2020-04-11 07:13:22,clouds,14.0,0.0,1,0,0,0,7
116,22,8,5,2020-04-11 07:14:56,clouds,14.0,0.0,1,0,0,0,7
116,22,8,5,2020-04-11 07:25:05,clouds,14.0,0.0,1,0,0,0,7
116,22,8,5,2020-04-11 07:35:13,clouds,14.0,0.0,1,0,0,0,7
116,22,8,5,2020-04-11 07:45:21,clouds,14.0,0.0,1,0,0,0,7
116,22,8,5,2020-04-11 07:55:30,clouds,14.0,0.0,1,0,0,0,7
116,22,8,5,2020-04-11 08:05:38,clouds,14.0,0.0,1,0,0,0,8
116,22,8,5,2020-04-11 08:15:46,clouds,14.0,0.0,1,0,0,0,8
116,22,8,5,2020-04-11 08:25:54,clouds,14.0,0.0,1,0,0,0,8
116,22,8,5,2020-04-11 08:36:03,clouds,14.0,0.0,1,0,0,0,8
116,22,8,5,2020-04-11 08:46:11,clouds,14.0,0.0,1,0,0,0,8
116,22,8,5,2020-04-11 08:56:20,clouds,14.0,0.0,1,0,0,0,8
116,22,8,5,2020-04-11 09:06:28,clouds,14.0,0.0,1,0,0,0,9
116,22,8,5,2020-04-11 09:16:36,clouds,14.0,0.0,1,0,0,0,9
116,22,8,5,2020-04-11 09:26:45,clouds,14.0,0.0,1,0,0,0,9
116,22,8,5,2020-04-11 09:36:53,clouds,14.0,0.0,1,0,0,0,9
116,22,8,5,2020-04-11 09:47:01,clouds,14.0,0.0,1,0,0,0,9
116,22,8,5,2020-04-11 09:57:09,clouds,14.0,0.0,1,0,0,0,9
116,22,8,5,2020-04-11 10:07:18,clouds,14.0,0.0,1,0,0,0,10
116,22,8,5,2020-04-11 10:17:26,clouds,14.0,0.0,1,0,0,0,10
116,22,8,5,2020-04-11 10:27:34,clouds,14.0,0.0,1,0,0,0,10
116,22,8,5,2020-04-11 10:37:42,clouds,14.0,0.0,1,0,0,0,10
116,22,8,5,2020-04-11 10:47:50,clouds,14.0,0.0,1,0,0,0,10
116,22,8,5,2020-04-11 10:57:59,clouds,14.0,0.0,1,0,0,0,10
116,22,8,5,2020-04-11 11:01:27,clouds,14.0,0.0,1,0,0,0,11
116,22,8,5,2020-04-11 11:13:33,clouds,14.0,0.0,1,0,0,0,11
116,22,8,5,2020-04-11 11:23:42,clouds,14.0,0.0,1,0,0,0,11
116,22,8,5,2020-04-11 11:33:50,clouds,14.0,0.0,1,0,0,0,11
116,22,8,5,2020-04-11 11:43:58,clouds,14.0,0.0,1,0,0,0,11
116,22,8,5,2020-04-11 11:54:06,clouds,14.0,0.0,1,0,0,0,11
116,22,8,5,2020-04-11 12:04:15,clouds,14.0,0.0,0,1,0,0,12
116,22,8,5,2020-04-11 12:14:23,clouds,14.0,0.0,0,1,0,0,12
116,22,8,5,2020-04-11 12:24:31,clouds,14.0,0.0,0,1,0,0,12
116,22,8,5,2020-04-11 12:34:39,clouds,14.0,0.0,0,1,0,0,12
116,22,8,5,2020-04-11 12:44:48,clouds,14.0,0.0,0,1,0,0,12
116,22,8,5,2020-04-11 12:54:57,clouds,14.0,0.0,0,1,0,0,12
116,22,8,5,2020-04-11 13:05:05,clouds,14.0,0.0,0,1,0,0,13
116,22,8,5,2020-04-11 13:15:13,clouds,14.0,0.0,0,1,0,0,13
116,22,8,5,2020-04-11 13:28:46,clouds,14.0,0.0,0,1,0,0,13
116,23,7,5,2020-04-11 13:29:32,clouds,14.0,0.0,0,1,0,0,13
116,23,7,5,2020-04-11 13:39:40,clouds,14.0,0.0,0,1,0,0,13
116,23,7,5,2020-04-11 13:49:48,clouds,14.0,0.0,0,1,0,0,13
116,23,7,5,2020-04-11 13:59:58,clouds,14.0,0.0,0,1,0,0,13
116,23,7,5,2020-04-11 14:10:06,clouds,14.0,0.0,0,1,0,0,14
116,23,7,5,2020-04-11 14:20:14,clouds,14.0,0.0,0,1,0,0,14
116,23,7,5,2020-04-11 14:30:22,clouds,14.0,0.0,0,1,0,0,14
116,23,7,5,2020-04-11 14:40:31,clouds,14.0,0.0,0,1,0,0,14
116,23,7,5,2020-04-11 14:50:39,clouds,14.0,0.0,0,1,0,0,14
116,23,7,5,2020-04-11 15:00:47,clouds,14.0,0.0,0,1,0,0,15
116,23,7,5,2020-04-11 15:10:55,clouds,14.0,0.0,0,1,0,0,15
116,23,7,5,2020-04-11 15:21:04,clouds,14.0,0.0,0,1,0,0,15
116,23,7,5,2020-04-11 15:31:12,clouds,14.0,0.0,0,1,0,0,15
116,23,7,5,2020-04-11 15:41:20,clouds,14.0,0.0,0,1,0,0,15
116,23,7,5,2020-04-11 15:51:29,clouds,14.0,0.0,0,1,0,0,15
116,23,7,5,2020-04-11 16:01:37,clouds,14.0,0.0,0,1,0,0,16
116,23,7,5,2020-04-11 16:11:46,clouds,14.0,0.0,0,1,0,0,16
116,23,7,5,2020-04-11 16:22:57,clouds,14.0,0.0,0,1,0,0,16
116,23,7,5,2020-04-11 16:25:47,clouds,14.0,0.0,0,1,0,0,16
116,24,6,5,2020-04-11 16:35:55,clouds,14.0,0.0,0,1,0,0,16
116,24,6,5,2020-04-11 16:46:03,clouds,14.0,0.0,0,1,0,0,16
116,24,6,5,2020-04-11 16:56:11,clouds,14.0,0.0,0,1,0,0,16
116,24,6,5,2020-04-11 17:06:19,clouds,14.0,0.0,0,0,1,0,17
116,24,6,5,2020-04-11 17:16:27,clouds,14.0,0.0,0,0,1,0,17
116,23,7,5,2020-04-11 17:24:19,clouds,14.0,0.0,0,0,1,0,17
116,23,7,5,2020-04-11 17:34:27,clouds,14.0,0.0,0,0,1,0,17
116,23,7,5,2020-04-11 17:44:35,clouds,14.0,0.0,0,0,1,0,17
116,23,7,5,2020-04-11 17:54:44,clouds,14.0,0.0,0,0,1,0,17
116,23,7,5,2020-04-11 18:04:53,clouds,14.0,0.0,0,0,1,0,18
116,23,7,5,2020-04-11 18:15:01,clouds,14.0,0.0,0,0,1,0,18
116,23,7,5,2020-04-11 18:28:30,clouds,14.0,0.0,0,0,1,0,18
116,23,7,5,2020-04-11 18:38:39,clouds,14.0,0.0,0,0,1,0,18
116,23,7,5,2020-04-11 18:48:47,clouds,14.0,0.0,0,0,1,0,18
116,23,7,5,2020-04-11 18:58:56,clouds,14.0,0.0,0,0,1,0,18
116,23,7,5,2020-04-11 19:09:04,clouds,14.0,0.0,0,0,1,0,19
116,23,7,5,2020-04-11 19:19:12,clouds,14.0,0.0,0,0,1,0,19
116,23,7,5,2020-04-11 19:29:20,clouds,14.0,0.0,0,0,1,0,19
116,23,7,5,2020-04-11 19:39:29,clouds,14.0,0.0,0,0,1,0,19
116,23,7,5,2020-04-11 19:49:37,clouds,14.0,0.0,0,0,1,0,19
116,23,7,5,2020-04-11 19:59:45,clouds,14.0,0.0,0,0,1,0,19
116,23,7,5,2020-04-11 20:09:54,clouds,14.0,0.0,0,0,0,1,20
116,23,7,5,2020-04-11 20:20:01,clouds,14.0,0.0,0,0,0,1,20
116,23,7,5,2020-04-11 20:30:08,clouds,14.0,0.0,0,0,0,1,20
116,23,7,5,2020-04-11 20:40:15,clouds,14.0,0.0,0,0,0,1,20
116,23,7,5,2020-04-11 20:50:23,clouds,14.0,0.0,0,0,0,1,20
116,23,7,5,2020-04-11 21:00:30,clouds,14.0,0.0,0,0,0,1,21
116,23,7,5,2020-04-11 21:10:37,clouds,14.0,0.0,0,0,0,1,21
116,23,7,5,2020-04-11 21:20:44,clouds,14.0,0.0,0,0,0,1,21
116,23,7,5,2020-04-11 21:30:52,clouds,14.0,0.0,0,0,0,1,21
116,23,7,5,2020-04-11 21:41:44,clouds,14.0,0.0,0,0,0,1,21
116,24,6,5,2020-04-11 21:51:52,clouds,14.0,0.0,0,0,0,1,21
116,24,6,5,2020-04-11 22:01:59,clouds,14.0,0.0,0,0,0,1,22
116,23,7,5,2020-04-11 22:05:58,clouds,14.0,0.0,0,0,0,1,22
116,23,7,5,2020-04-11 22:16:06,clouds,14.0,0.0,0,0,0,1,22
116,23,7,5,2020-04-11 22:26:14,clouds,14.0,0.0,0,0,0,1,22
116,23,7,5,2020-04-11 22:36:21,clouds,14.0,0.0,0,0,0,1,22
116,23,7,5,2020-04-11 22:46:29,clouds,14.0,0.0,0,0,0,1,22
116,23,7,5,2020-04-11 22:56:36,clouds,14.0,0.0,0,0,0,1,22
116,23,7,5,2020-04-11 23:06:44,clouds,14.0,0.0,0,0,0,1,23
116,23,7,5,2020-04-11 23:16:51,clouds,14.0,0.0,0,0,0,1,23
116,23,7,5,2020-04-11 23:26:58,clouds,14.0,0.0,0,0,0,1,23
116,23,7,5,2020-04-11 23:32:12,clouds,14.0,0.0,0,0,0,1,23
116,23,7,5,2020-04-11 23:42:19,clouds,14.0,0.0,0,0,0,1,23
116,23,7,5,2020-04-11 23:52:26,clouds,14.0,0.0,0,0,0,1,23
116,23,7,6,2020-04-12 00:02:35,clouds,14.0,0.0,0,0,0,0,0
116,23,7,6,2020-04-12 00:12:44,clouds,14.0,0.0,0,0,0,0,0
116,23,7,6,2020-04-12 00:22:52,clouds,14.0,0.0,0,0,0,0,0
116,23,7,6,2020-04-12 00:33:00,clouds,14.0,0.0,0,0,0,0,0
116,23,7,6,2020-04-12 00:43:09,clouds,14.0,0.0,0,0,0,0,0
116,23,7,6,2020-04-12 00:53:18,clouds,14.0,0.0,0,0,0,0,0
116,23,7,6,2020-04-12 05:01:39,clouds,14.0,0.0,1,0,0,0,5
116,23,7,6,2020-04-12 05:11:47,clouds,14.0,0.0,1,0,0,0,5
116,23,7,6,2020-04-12 05:21:55,clouds,14.0,0.0,1,0,0,0,5
116,23,7,6,2020-04-12 05:32:03,clouds,14.0,0.0,1,0,0,0,5
116,23,7,6,2020-04-12 05:42:11,clouds,14.0,0.0,1,0,0,0,5
116,23,7,6,2020-04-12 05:52:21,clouds,14.0,0.0,1,0,0,0,5
116,23,7,6,2020-04-12 06:02:29,clouds,14.0,0.0,1,0,0,0,6
116,23,7,6,2020-04-12 06:12:37,clouds,14.0,0.0,1,0,0,0,6
116,23,7,6,2020-04-12 06:22:46,clouds,14.0,0.0,1,0,0,0,6
116,23,7,6,2020-04-12 06:32:54,clouds,14.0,0.0,1,0,0,0,6
116,23,7,6,2020-04-12 06:43:02,clouds,14.0,0.0,1,0,0,0,6
116,23,7,6,2020-04-12 06:53:11,clouds,14.0,0.0,1,0,0,0,6
116,23,7,6,2020-04-12 07:03:21,clouds,14.0,0.0,1,0,0,0,7
116,23,7,6,2020-04-12 07:13:29,clouds,14.0,0.0,1,0,0,0,7
116,23,7,6,2020-04-12 07:23:38,clouds,14.0,0.0,1,0,0,0,7
116,23,7,6,2020-04-12 07:33:47,clouds,14.0,0.0,1,0,0,0,7
116,23,7,6,2020-04-12 07:43:55,clouds,14.0,0.0,1,0,0,0,7
116,23,7,6,2020-04-12 07:54:03,clouds,14.0,0.0,1,0,0,0,7
116,23,7,6,2020-04-12 08:04:11,clouds,14.0,0.0,1,0,0,0,8
116,23,7,6,2020-04-12 08:14:20,clouds,14.0,0.0,1,0,0,0,8
116,23,7,6,2020-04-12 08:24:29,clouds,14.0,0.0,1,0,0,0,8
116,23,7,6,2020-04-12 08:34:37,clouds,14.0,0.0,1,0,0,0,8
116,23,7,6,2020-04-12 08:44:45,clouds,14.0,0.0,1,0,0,0,8
116,23,7,6,2020-04-12 08:54:53,clouds,14.0,0.0,1,0,0,0,8
116,23,7,6,2020-04-12 09:05:02,clouds,14.0,0.0,1,0,0,0,9
116,23,7,6,2020-04-12 09:15:10,clouds,14.0,0.0,1,0,0,0,9
116,23,7,6,2020-04-12 09:25:18,clouds,14.0,0.0,1,0,0,0,9
116,23,7,6,2020-04-12 09:35:34,clouds,14.0,0.0,1,0,0,0,9
116,23,7,6,2020-04-12 09:45:42,clouds,14.0,0.0,1,0,0,0,9
116,23,7,6,2020-04-12 09:55:51,clouds,14.0,0.0,1,0,0,0,9
116,23,7,6,2020-04-12 10:05:59,clouds,14.0,0.0,1,0,0,0,10
116,23,7,6,2020-04-12 10:16:08,clouds,14.0,0.0,1,0,0,0,10
116,23,7,6,2020-04-12 10:26:16,clouds,14.0,0.0,1,0,0,0,10
116,23,7,6,2020-04-12 10:36:24,clouds,14.0,0.0,1,0,0,0,10
116,23,7,6,2020-04-12 10:46:32,clouds,14.0,0.0,1,0,0,0,10
116,23,7,6,2020-04-12 10:56:39,clouds,14.0,0.0,1,0,0,0,10
116,23,7,6,2020-04-12 11:06:47,clouds,14.0,0.0,1,0,0,0,11
116,23,7,6,2020-04-12 11:16:55,clouds,14.0,0.0,1,0,0,0,11
116,23,7,6,2020-04-12 11:27:04,clouds,14.0,0.0,1,0,0,0,11
116,23,7,6,2020-04-12 11:37:12,clouds,14.0,0.0,1,0,0,0,11
116,23,7,6,2020-04-12 11:47:20,clouds,14.0,0.0,1,0,0,0,11
116,23,7,6,2020-04-12 11:57:28,clouds,14.0,0.0,1,0,0,0,11
116,23,7,6,2020-04-12 12:07:36,clouds,14.0,0.0,0,1,0,0,12
116,23,7,6,2020-04-12 12:17:44,clouds,14.0,0.0,0,1,0,0,12
116,23,7,6,2020-04-12 12:27:53,clouds,14.0,0.0,0,1,0,0,12
116,23,7,6,2020-04-12 12:38:01,clouds,14.0,0.0,0,1,0,0,12
116,23,7,6,2020-04-12 12:48:11,clouds,14.0,0.0,0,1,0,0,12
116,23,7,6,2020-04-12 12:58:19,clouds,14.0,0.0,0,1,0,0,12
116,23,7,6,2020-04-12 13:08:28,clouds,14.0,0.0,0,1,0,0,13
116,23,7,6,2020-04-12 13:18:36,clouds,14.0,0.0,0,1,0,0,13
116,23,7,6,2020-04-12 13:28:44,clouds,14.0,0.0,0,1,0,0,13
